"host","path","full_url","mimeType","size","uncompressedSize","responseCode","ttfb","load","download_start","download_end","product","company","category","inititator"
"supmti.ac.ma","/","https://supmti.ac.ma/","HTML","181955","181955","200","1637","2463","2051","2877","supmti.ac.ma","Unknown","supmti.ac.ma",""
"supmti.ac.ma","/wp-content/plugins/contact-form-7/includes/css/styles.css?ver=4.7","https://supmti.ac.ma/wp-content/plugins/contact-form-7/includes/css/styles.css?ver=4.7","CSS","1606","1606","200","78","79","2214","2215","supmti.ac.ma","Unknown","supmti.ac.ma","https://supmti.ac.ma/"
"supmti.ac.ma","/wp-content/plugins/js_composer/assets/lib/bower/font-awesome/css/font-awesome.min.css?ver=5.1","https://supmti.ac.ma/wp-content/plugins/js_composer/assets/lib/bower/font-awesome/css/font-awesome.min.css?ver=5.1","CSS","28986","28986","200","83","171","2299","2387","supmti.ac.ma","Unknown","supmti.ac.ma","https://supmti.ac.ma/"
"supmti.ac.ma","/wp-content/plugins/revslider/public/assets/css/settings.css?ver=5.3.0.2","https://supmti.ac.ma/wp-content/plugins/revslider/public/assets/css/settings.css?ver=5.3.0.2","CSS","45812","45812","200","83","230","2374","2521","supmti.ac.ma","Unknown","supmti.ac.ma","https://supmti.ac.ma/"
"supmti.ac.ma","/wp-content/plugins/wp-responsive-recent-post-slider/assets/css/slick.css?ver=2.7.1","https://supmti.ac.ma/wp-content/plugins/wp-responsive-recent-post-slider/assets/css/slick.css?ver=2.7.1","CSS","1579","1579","200","81","82","2469","2470","supmti.ac.ma","Unknown","supmti.ac.ma","https://supmti.ac.ma/"
"fonts.googleapis.com","/css?family=Montserrat%3A400%2C700%7COpen+Sans%3A300%2C400%2C600%2C700%2C800%2C300italic%2C400italic%2C600italic%2C700italic%2C800italic&subset=latin&ver=1626352620","https://fonts.googleapis.com/css?family=Montserrat%3A400%2C700%7COpen+Sans%3A300%2C400%2C600%2C700%2C800%2C300italic%2C400italic%2C600italic%2C700italic%2C800italic&subset=latin&ver=1626352620","CSS","1201","29573","200","88","89","2559","2560","Google Fonts","Google","CDNs","https://supmti.ac.ma/"
"supmti.ac.ma","/wp-content/plugins/wp-responsive-recent-post-slider/assets/css/recent-post-style.css?ver=2.7.1","https://supmti.ac.ma/wp-content/plugins/wp-responsive-recent-post-slider/assets/css/recent-post-style.css?ver=2.7.1","CSS","15013","15013","200","82","87","2554","2559","supmti.ac.ma","Unknown","supmti.ac.ma","https://supmti.ac.ma/"
"supmti.ac.ma","/wp-content/themes/masterstudy/assets/css/bootstrap.min.css?ver=1.5.5","https://supmti.ac.ma/wp-content/themes/masterstudy/assets/css/bootstrap.min.css?ver=1.5.5","CSS","117305","117305","200","82","238","2605","2761","supmti.ac.ma","Unknown","supmti.ac.ma","https://supmti.ac.ma/"
"supmti.ac.ma","/wp-content/themes/masterstudy/assets/css/font-awesome.min.css?ver=1.5.5","https://supmti.ac.ma/wp-content/themes/masterstudy/assets/css/font-awesome.min.css?ver=1.5.5","CSS","31000","31000","200","84","100","2643","2659","supmti.ac.ma","Unknown","supmti.ac.ma","https://supmti.ac.ma/"
"supmti.ac.ma","/wp-content/themes/masterstudy/assets/css/icomoon.fonts.css?ver=1.5.5","https://supmti.ac.ma/wp-content/themes/masterstudy/assets/css/icomoon.fonts.css?ver=1.5.5","CSS","3775","3775","200","82","83","2742","2743","supmti.ac.ma","Unknown","supmti.ac.ma","https://supmti.ac.ma/"
"supmti.ac.ma","/wp-content/themes/masterstudy/assets/css/jquery.fancybox.css?ver=1.5.5","https://supmti.ac.ma/wp-content/themes/masterstudy/assets/css/jquery.fancybox.css?ver=1.5.5","CSS","4991","4991","200","80","82","2824","2826","supmti.ac.ma","Unknown","supmti.ac.ma","https://supmti.ac.ma/"
"supmti.ac.ma","/wp-content/themes/masterstudy/assets/css/select2.min.css?ver=1.5.5","https://supmti.ac.ma/wp-content/themes/masterstudy/assets/css/select2.min.css?ver=1.5.5","CSS","14909","14909","200","84","89","2845","2850","supmti.ac.ma","Unknown","supmti.ac.ma","https://supmti.ac.ma/"
"supmti.ac.ma","/wp-content/themes/masterstudy/assets/css/styles.css?ver=1.5.5","https://supmti.ac.ma/wp-content/themes/masterstudy/assets/css/styles.css?ver=1.5.5","CSS","179199","179199","200","82","290","2909","3117","supmti.ac.ma","Unknown","supmti.ac.ma","https://supmti.ac.ma/"
"supmti.ac.ma","/wp-content/themes/masterstudy/assets/css/animation.css?ver=1.5.5","https://supmti.ac.ma/wp-content/themes/masterstudy/assets/css/animation.css?ver=1.5.5","CSS","10557","10557","200","96","98","2947","2949","supmti.ac.ma","Unknown","supmti.ac.ma","https://supmti.ac.ma/"
"supmti.ac.ma","/wp-content/themes/masterstudy/style.css?ver=1.5.5","https://supmti.ac.ma/wp-content/themes/masterstudy/style.css?ver=1.5.5","CSS","2255","2255","200","80","81","2958","2959","supmti.ac.ma","Unknown","supmti.ac.ma","https://supmti.ac.ma/"
"supmti.ac.ma","/wp-content/themes/masterstudy/assets/css/skins/skin_red_green.css?ver=1.5.5","https://supmti.ac.ma/wp-content/themes/masterstudy/assets/css/skins/skin_red_green.css?ver=1.5.5","CSS","15378","15378","200","82","87","3033","3038","supmti.ac.ma","Unknown","supmti.ac.ma","https://supmti.ac.ma/"
"supmti.ac.ma","/wp-content/themes/masterstudy/assets/css/skins/skin_blue_green.css?ver=1.5.5","https://supmti.ac.ma/wp-content/themes/masterstudy/assets/css/skins/skin_blue_green.css?ver=1.5.5","CSS","15552","15552","200","85","90","3044","3049","supmti.ac.ma","Unknown","supmti.ac.ma","https://supmti.ac.ma/"
"supmti.ac.ma","/wp-content/themes/masterstudy/assets/css/skins/skin_red_brown.css?ver=1.5.5","https://supmti.ac.ma/wp-content/themes/masterstudy/assets/css/skins/skin_red_brown.css?ver=1.5.5","CSS","16285","16285","200","102","250","3099","3247","supmti.ac.ma","Unknown","supmti.ac.ma","https://supmti.ac.ma/"
"supmti.ac.ma","/wp-content/themes/masterstudy/assets/css/skins/skin_custom_color.css?ver=1.5.5","https://supmti.ac.ma/wp-content/themes/masterstudy/assets/css/skins/skin_custom_color.css?ver=1.5.5","CSS","642","642","200","105","105","3110","3110","supmti.ac.ma","Unknown","supmti.ac.ma","https://supmti.ac.ma/"
"supmti.ac.ma","/wp-content/plugins/js_composer/assets/css/js_composer.min.css?ver=5.1","https://supmti.ac.ma/wp-content/plugins/js_composer/assets/css/js_composer.min.css?ver=5.1","CSS","459328","459328","200","84","789","3124","3829","supmti.ac.ma","Unknown","supmti.ac.ma","https://supmti.ac.ma/"
"supmti.ac.ma","/wp-content/plugins/a3-lazy-load/assets/css/jquery.lazyloadxt.spinner.css?ver=4.9.18","https://supmti.ac.ma/wp-content/plugins/a3-lazy-load/assets/css/jquery.lazyloadxt.spinner.css?ver=4.9.18","CSS","311","311","200","196","196","3246","3246","supmti.ac.ma","Unknown","supmti.ac.ma","https://supmti.ac.ma/"
"supmti.ac.ma","/wp-content/uploads/smile_fonts/Defaults/Defaults.css?ver=4.9.18","https://supmti.ac.ma/wp-content/uploads/smile_fonts/Defaults/Defaults.css?ver=4.9.18","CSS","27639","27639","200","133","389","3246","3502","supmti.ac.ma","Unknown","supmti.ac.ma","https://supmti.ac.ma/"
"supmti.ac.ma","/wp-content/plugins/Ultimate_VC_Addons/assets/min-css/ultimate.min.css?ver=3.16.10","https://supmti.ac.ma/wp-content/plugins/Ultimate_VC_Addons/assets/min-css/ultimate.min.css?ver=3.16.10","CSS","426620","426620","200","123","676","3248","3801","supmti.ac.ma","Unknown","supmti.ac.ma","https://supmti.ac.ma/"
"supmti.ac.ma","/wp-content/plugins/Ultimate_VC_Addons/assets/css/icons.css?ver=3.16.10","https://supmti.ac.ma/wp-content/plugins/Ultimate_VC_Addons/assets/css/icons.css?ver=3.16.10","CSS","1523","1523","200","350","351","3606","3607","supmti.ac.ma","Unknown","supmti.ac.ma","https://supmti.ac.ma/"
"supmti.ac.ma","/wp-includes/js/jquery/jquery.js?ver=1.12.4","https://supmti.ac.ma/wp-includes/js/jquery/jquery.js?ver=1.12.4","Javascript","96874","96874","200","364","426","3623","3685","supmti.ac.ma","Unknown","supmti.ac.ma","https://supmti.ac.ma/"
"supmti.ac.ma","/wp-includes/js/jquery/jquery-migrate.min.js?ver=1.4.1","https://supmti.ac.ma/wp-includes/js/jquery/jquery-migrate.min.js?ver=1.4.1","Javascript","10056","10056","200","335","336","3837","3838","supmti.ac.ma","Unknown","supmti.ac.ma","https://supmti.ac.ma/"
"supmti.ac.ma","/wp-content/plugins/revslider/public/assets/js/jquery.themepunch.tools.min.js?ver=5.3.0.2","https://supmti.ac.ma/wp-content/plugins/revslider/public/assets/js/jquery.themepunch.tools.min.js?ver=5.3.0.2","Javascript","107382","107382","200","235","559","3844","4168","supmti.ac.ma","Unknown","supmti.ac.ma","https://supmti.ac.ma/"
"supmti.ac.ma","/wp-content/plugins/revslider/public/assets/js/jquery.themepunch.revolution.min.js?ver=5.3.0.2","https://supmti.ac.ma/wp-content/plugins/revslider/public/assets/js/jquery.themepunch.revolution.min.js?ver=5.3.0.2","Javascript","59876","59876","200","182","220","3867","3905","supmti.ac.ma","Unknown","supmti.ac.ma","https://supmti.ac.ma/"
"supmti.ac.ma","/wp-content/plugins/Ultimate_VC_Addons/assets/min-js/modernizr-custom.min.js?ver=3.16.10","https://supmti.ac.ma/wp-content/plugins/Ultimate_VC_Addons/assets/min-js/modernizr-custom.min.js?ver=3.16.10","Javascript","8127","8127","200","108","123","3909","3924","supmti.ac.ma","Unknown","supmti.ac.ma","https://supmti.ac.ma/"
"supmti.ac.ma","/wp-includes/js/jquery/ui/core.min.js?ver=1.11.4","https://supmti.ac.ma/wp-includes/js/jquery/ui/core.min.js?ver=1.11.4","Javascript","3929","3929","200","91","94","3921","3924","supmti.ac.ma","Unknown","supmti.ac.ma","https://supmti.ac.ma/"
"supmti.ac.ma","/wp-content/plugins/Ultimate_VC_Addons/assets/min-js/ultimate.min.js?ver=3.16.10","https://supmti.ac.ma/wp-content/plugins/Ultimate_VC_Addons/assets/min-js/ultimate.min.js?ver=3.16.10","Javascript","260647","260647","200","84","825","3923","4664","supmti.ac.ma","Unknown","supmti.ac.ma","https://supmti.ac.ma/"
"supmti.ac.ma","/wp-content/plugins/Ultimate_VC_Addons/assets/min-js/modal-all.min.js?ver=3.16.10","https://supmti.ac.ma/wp-content/plugins/Ultimate_VC_Addons/assets/min-js/modal-all.min.js?ver=3.16.10","Javascript","84554","84554","200","82","135","3988","4041","supmti.ac.ma","Unknown","supmti.ac.ma","https://supmti.ac.ma/"
"supmti.ac.ma","/wp-content/plugins/ts-visual-composer-extend/js/jquery.vcsc.modernizr.min.js?ver=4.9.18","https://supmti.ac.ma/wp-content/plugins/ts-visual-composer-extend/js/jquery.vcsc.modernizr.min.js?ver=4.9.18","Javascript","17227","17227","200","136","143","4061","4068","supmti.ac.ma","Unknown","supmti.ac.ma","https://supmti.ac.ma/"
"fonts.googleapis.com","/css?family=Open+Sans%3A400%2C300%2C700","https://fonts.googleapis.com/css?family=Open+Sans%3A400%2C300%2C700","CSS","677","7869","200","82","83","4264","4265","Google Fonts","Google","CDNs","https://supmti.ac.ma/"
"fonts.googleapis.com","/css?family=Droid+Serif%3A700italic","https://fonts.googleapis.com/css?family=Droid+Serif%3A700italic","CSS","282","385","200","82","83","4352","4353","Google Fonts","Google","CDNs","https://supmti.ac.ma/"
"fonts.googleapis.com","/css?family=Roboto%3A500","https://fonts.googleapis.com/css?family=Roboto%3A500","CSS","509","2014","200","78","81","4432","4435","Google Fonts","Google","CDNs","https://supmti.ac.ma/"
"supmti.ac.ma","/wp-content/plugins/revslider/public/assets/fonts/font-awesome/css/font-awesome.css","https://supmti.ac.ma/wp-content/plugins/revslider/public/assets/fonts/font-awesome/css/font-awesome.css","CSS","38992","38992","200","82","164","4519","4601","supmti.ac.ma","Unknown","supmti.ac.ma","https://supmti.ac.ma/"
"supmti.ac.ma","/wp-content/plugins/ts-visual-composer-extend/css/ts-visual-composer-extend-front.min.css?ver=5.1.1","https://supmti.ac.ma/wp-content/plugins/ts-visual-composer-extend/css/ts-visual-composer-extend-front.min.css?ver=5.1.1","CSS","281861","281861","200","82","1158","4685","5761","supmti.ac.ma","Unknown","supmti.ac.ma","https://supmti.ac.ma/"
"supmti.ac.ma","/wp-content/plugins/ts-visual-composer-extend/css/ts-visual-composer-extend-animations.min.css?ver=5.1.1","https://supmti.ac.ma/wp-content/plugins/ts-visual-composer-extend/css/ts-visual-composer-extend-animations.min.css?ver=5.1.1","CSS","162930","162930","200","84","708","4754","5378","supmti.ac.ma","Unknown","supmti.ac.ma","https://supmti.ac.ma/"
"supmti.ac.ma","/wp-content/plugins/contact-form-7/includes/js/jquery.form.min.js?ver=3.51.0-2014.06.20","https://supmti.ac.ma/wp-content/plugins/contact-form-7/includes/js/jquery.form.min.js?ver=3.51.0-2014.06.20","Javascript","15248","15248","200","85","96","4795","4806","supmti.ac.ma","Unknown","supmti.ac.ma","https://supmti.ac.ma/"
"supmti.ac.ma","/wp-content/plugins/contact-form-7/includes/js/scripts.js?ver=4.7","https://supmti.ac.ma/wp-content/plugins/contact-form-7/includes/js/scripts.js?ver=4.7","Javascript","13676","13676","200","95","100","4805","4810","supmti.ac.ma","Unknown","supmti.ac.ma","https://supmti.ac.ma/"
"supmti.ac.ma","/wp-content/themes/masterstudy/assets/js/jquery-migrate-1.2.1.min.js?ver=1.5.5","https://supmti.ac.ma/wp-content/themes/masterstudy/assets/js/jquery-migrate-1.2.1.min.js?ver=1.5.5","Javascript","7199","7199","200","103","104","4816","4817","supmti.ac.ma","Unknown","supmti.ac.ma","https://supmti.ac.ma/"
"supmti.ac.ma","/wp-content/themes/masterstudy/assets/js/bootstrap.min.js?ver=1.5.5","https://supmti.ac.ma/wp-content/themes/masterstudy/assets/js/bootstrap.min.js?ver=1.5.5","Javascript","35601","35601","200","107","267","4821","4981","supmti.ac.ma","Unknown","supmti.ac.ma","https://supmti.ac.ma/"
"fonts.gstatic.com","/s/montserrat/v18/JTURjIg1_i6t8kCHKm45_dJE3gnD_g.woff2","https://fonts.gstatic.com/s/montserrat/v18/JTURjIg1_i6t8kCHKm45_dJE3gnD_g.woff2","Font","20040","20040","200","76","226","4854","5004","Google Fonts","Google","CDNs","https://fonts.googleapis.com/css?family=Montserrat%3A400%2C700%7COpen+Sans%3A300%2C400%2C600%2C700%2C800%2C300italic%2C400italic%2C600italic%2C700italic%2C800italic&subset=latin&ver=1626352620"
"fonts.gstatic.com","/s/montserrat/v18/JTUSjIg1_i6t8kCHKm459Wlhyw.woff2","https://fonts.gstatic.com/s/montserrat/v18/JTUSjIg1_i6t8kCHKm459Wlhyw.woff2","Font","19844","19844","200","224","260","5005","5041","Google Fonts","Google","CDNs","https://fonts.googleapis.com/css?family=Montserrat%3A400%2C700%7COpen+Sans%3A300%2C400%2C600%2C700%2C800%2C300italic%2C400italic%2C600italic%2C700italic%2C800italic&subset=latin&ver=1626352620"
"fonts.gstatic.com","/s/opensans/v27/memvYaGs126MiZpBA-UvWbX2vVnXBbObj2OVTS-muw.woff2","https://fonts.gstatic.com/s/opensans/v27/memvYaGs126MiZpBA-UvWbX2vVnXBbObj2OVTS-muw.woff2","Font","44656","44656","200","260","451","5042","5233","Google Fonts","Google","CDNs","https://fonts.googleapis.com/css?family=Montserrat%3A400%2C700%7COpen+Sans%3A300%2C400%2C600%2C700%2C800%2C300italic%2C400italic%2C600italic%2C700italic%2C800italic&subset=latin&ver=1626352620"
"supmti.ac.ma","/wp-content/themes/masterstudy/assets/fonts/fontawesome-webfont.woff2?v=4.7.0","https://supmti.ac.ma/wp-content/themes/masterstudy/assets/fonts/fontawesome-webfont.woff2?v=4.7.0","Font","77160","77160","200","82","130","4889","4937","supmti.ac.ma","Unknown","supmti.ac.ma","https://supmti.ac.ma/wp-content/themes/masterstudy/assets/css/font-awesome.min.css?ver=1.5.5"
"supmti.ac.ma","/wp-content/uploads/2021/04/supmti-logo-reconnu-01.png","https://supmti.ac.ma/wp-content/uploads/2021/04/supmti-logo-reconnu-01.png","Image","15013","15013","200","132","137","4943","4948","supmti.ac.ma","Unknown","supmti.ac.ma","https://supmti.ac.ma/"
"supmti.ac.ma","/wp-content/themes/masterstudy/assets/fonts/icomoon.ttf?c9eman","https://supmti.ac.ma/wp-content/themes/masterstudy/assets/fonts/icomoon.ttf?c9eman","Font","21812","21812","200","143","155","4960","4972","supmti.ac.ma","Unknown","supmti.ac.ma","https://supmti.ac.ma/wp-content/themes/masterstudy/assets/css/icomoon.fonts.css?ver=1.5.5"
"supmti.ac.ma","/wp-content/themes/masterstudy/assets/js/jquery.fancybox.js?ver=1.5.5","https://supmti.ac.ma/wp-content/themes/masterstudy/assets/js/jquery.fancybox.js?ver=1.5.5","Javascript","23350","23350","200","119","130","5057","5068","supmti.ac.ma","Unknown","supmti.ac.ma","https://supmti.ac.ma/"
"supmti.ac.ma","/wp-content/themes/masterstudy/assets/js/jquery.carouFredSel-6.2.1.min.js?ver=1.5.5","https://supmti.ac.ma/wp-content/themes/masterstudy/assets/js/jquery.carouFredSel-6.2.1.min.js?ver=1.5.5","Javascript","54779","54779","200","129","162","5078","5111","supmti.ac.ma","Unknown","supmti.ac.ma","https://supmti.ac.ma/"
"supmti.ac.ma","/wp-content/themes/masterstudy/assets/js/jquery.countdown.js?ver=1.5.5","https://supmti.ac.ma/wp-content/themes/masterstudy/assets/js/jquery.countdown.js?ver=1.5.5","Javascript","2960","2960","200","137","138","5113","5114","supmti.ac.ma","Unknown","supmti.ac.ma","https://supmti.ac.ma/"
"supmti.ac.ma","/wp-content/themes/masterstudy/assets/js/select2.full.min.js?ver=1.5.5","https://supmti.ac.ma/wp-content/themes/masterstudy/assets/js/select2.full.min.js?ver=1.5.5","Javascript","71172","71172","200","189","312","5173","5296","supmti.ac.ma","Unknown","supmti.ac.ma","https://supmti.ac.ma/"
"supmti.ac.ma","/wp-includes/js/imagesloaded.min.js?ver=3.2.0","https://supmti.ac.ma/wp-includes/js/imagesloaded.min.js?ver=3.2.0","Javascript","7855","7855","200","152","164","5221","5233","supmti.ac.ma","Unknown","supmti.ac.ma","https://supmti.ac.ma/"
"supmti.ac.ma","/wp-content/plugins/js_composer/assets/lib/bower/isotope/dist/isotope.pkgd.min.js?ver=5.1","https://supmti.ac.ma/wp-content/plugins/js_composer/assets/lib/bower/isotope/dist/isotope.pkgd.min.js?ver=5.1","Javascript","35624","35624","200","123","142","5237","5256","supmti.ac.ma","Unknown","supmti.ac.ma","https://supmti.ac.ma/"
"supmti.ac.ma","/wp-content/themes/masterstudy/assets/js/jquery.touchSwipe.min.js?ver=1.5.5","https://supmti.ac.ma/wp-content/themes/masterstudy/assets/js/jquery.touchSwipe.min.js?ver=1.5.5","Javascript","11972","11972","200","121","123","5303","5305","supmti.ac.ma","Unknown","supmti.ac.ma","https://supmti.ac.ma/"
"www.google-analytics.com","/analytics.js","https://www.google-analytics.com/analytics.js","Javascript","20006","50205","200","122","193","5318","5389","Google Analytics","Google","Analytics","https://supmti.ac.ma/"
"connect.facebook.net","/en_US/fbevents.js","https://connect.facebook.net/en_US/fbevents.js","Javascript","25965","100837","200","128","271","5325","5468","Facebook","Facebook","Social","https://supmti.ac.ma/"
"www.instagram.com","/embed.js","https://www.instagram.com/embed.js","HTML","0","0","302","155","155","5353","5353","Instagram","Instagram","Social","https://supmti.ac.ma/"
"connect.facebook.net","/fr_FR/sdk/xfbml.customerchat.js","https://connect.facebook.net/fr_FR/sdk/xfbml.customerchat.js","Javascript","86016","305645","200","271","607","5470","5806","Facebook","Facebook","Social","https://supmti.ac.ma/"
"platform.twitter.com","/widgets.js","https://platform.twitter.com/widgets.js","Javascript","29126","98580","200","122","141","5356","5375","Twitter","Twitter","Social","https://supmti.ac.ma/"
"supmti.ac.ma","/wp-content/themes/masterstudy/assets/js/custom.js?ver=1.5.5","https://supmti.ac.ma/wp-content/themes/masterstudy/assets/js/custom.js?ver=1.5.5","Javascript","15786","15786","200","147","152","5383","5388","supmti.ac.ma","Unknown","supmti.ac.ma","https://supmti.ac.ma/"
"supmti.ac.ma","/wp-content/plugins/a3-lazy-load/assets/js/jquery.lazyloadxt.extra.min.js?ver=2.4.6","https://supmti.ac.ma/wp-content/plugins/a3-lazy-load/assets/js/jquery.lazyloadxt.extra.min.js?ver=2.4.6","Javascript","3015","3015","200","134","135","5391","5392","supmti.ac.ma","Unknown","supmti.ac.ma","https://supmti.ac.ma/"
"supmti.ac.ma","/wp-content/plugins/revslider/public/assets/fonts/font-awesome/fonts/fontawesome-webfont.woff2?v=4.6.3","https://supmti.ac.ma/wp-content/plugins/revslider/public/assets/fonts/font-awesome/fonts/fontawesome-webfont.woff2?v=4.6.3","Font","71896","71896","200","107","206","5404","5503","supmti.ac.ma","Unknown","supmti.ac.ma","https://supmti.ac.ma/wp-content/plugins/revslider/public/assets/fonts/font-awesome/css/font-awesome.css"
"supmti.ac.ma","/wp-content/plugins/a3-lazy-load/assets/js/jquery.lazyloadxt.srcset.min.js?ver=2.4.6","https://supmti.ac.ma/wp-content/plugins/a3-lazy-load/assets/js/jquery.lazyloadxt.srcset.min.js?ver=2.4.6","Javascript","1573","1573","200","136","136","5442","5442","supmti.ac.ma","Unknown","supmti.ac.ma","https://supmti.ac.ma/"
"supmti.ac.ma","/wp-content/plugins/a3-lazy-load/assets/js/jquery.lazyloadxt.extend.js?ver=2.4.6","https://supmti.ac.ma/wp-content/plugins/a3-lazy-load/assets/js/jquery.lazyloadxt.extend.js?ver=2.4.6","Javascript","1045","1045","200","91","91","5470","5470","supmti.ac.ma","Unknown","supmti.ac.ma","https://supmti.ac.ma/"
"supmti.ac.ma","/wp-content/plugins/Ultimate_VC_Addons/assets/min-js/SmoothScroll.min.js?ver=3.16.10","https://supmti.ac.ma/wp-content/plugins/Ultimate_VC_Addons/assets/min-js/SmoothScroll.min.js?ver=3.16.10","Javascript","5286","5286","200","87","88","5476","5477","supmti.ac.ma","Unknown","supmti.ac.ma","https://supmti.ac.ma/"
"supmti.ac.ma","/wp-includes/js/wp-embed.min.js?ver=4.9.18","https://supmti.ac.ma/wp-includes/js/wp-embed.min.js?ver=4.9.18","Javascript","1391","1391","200","85","86","5478","5479","supmti.ac.ma","Unknown","supmti.ac.ma","https://supmti.ac.ma/"
"supmti.ac.ma","/wp-content/plugins/js_composer/assets/js/dist/js_composer_front.min.js?ver=5.1","https://supmti.ac.ma/wp-content/plugins/js_composer/assets/js/dist/js_composer_front.min.js?ver=5.1","Javascript","19302","19302","200","87","95","5529","5537","supmti.ac.ma","Unknown","supmti.ac.ma","https://supmti.ac.ma/"
"www.instagram.com","/static/bundles/metro/EmbedSDK.js/d9addf525b6a.js","https://www.instagram.com/static/bundles/metro/EmbedSDK.js/d9addf525b6a.js","Javascript","4918","15702","200","90","93","5556","5559","Instagram","Instagram","Social","https://www.instagram.com/embed.js"
"supmti.ac.ma","/wp-content/plugins/wp-responsive-recent-post-slider/assets/js/slick.min.js?ver=2.7.1","https://supmti.ac.ma/wp-content/plugins/wp-responsive-recent-post-slider/assets/js/slick.min.js?ver=2.7.1","Javascript","42863","42863","200","89","279","5566","5756","supmti.ac.ma","Unknown","supmti.ac.ma","https://supmti.ac.ma/"
"supmti.ac.ma","/wp-content/plugins/wp-responsive-recent-post-slider/assets/js/wppsac-public.js?ver=2.7.1","https://supmti.ac.ma/wp-content/plugins/wp-responsive-recent-post-slider/assets/js/wppsac-public.js?ver=2.7.1","Javascript","8808","8808","200","112","113","5592","5593","supmti.ac.ma","Unknown","supmti.ac.ma","https://supmti.ac.ma/"
"supmti.ac.ma","/wp-content/plugins/ts-visual-composer-extend/js/ts-visual-composer-extend-front.min.js?ver=5.1.1","https://supmti.ac.ma/wp-content/plugins/ts-visual-composer-extend/js/ts-visual-composer-extend-front.min.js?ver=5.1.1","Javascript","232170","232170","200","119","562","5600","6043","supmti.ac.ma","Unknown","supmti.ac.ma","https://supmti.ac.ma/"
"supmti.ac.ma","/wp-content/plugins/js_composer/assets/lib/waypoints/waypoints.min.js?ver=5.1","https://supmti.ac.ma/wp-content/plugins/js_composer/assets/lib/waypoints/waypoints.min.js?ver=5.1","Javascript","8044","8044","200","186","188","5690","5692","supmti.ac.ma","Unknown","supmti.ac.ma","https://supmti.ac.ma/"
"www.google-analytics.com","/j/collect?v=1&_v=j96&a=1293480338&t=pageview&_s=1&dl=https%3A%2F%2Fsupmti.ac.ma%2F&ul=en-us&de=UTF-8&dt=SupMTI%20%7C%20Reconnue%20par%20l%27Etat%20-%20Ecoles%20Sup%C3%A9rieures%20de%20Management%2C%20de%20T%C3%A9l%C3%A9communications%20et%20d%27Informatique&sd=24-bit&sr=1920x1200&vp=1351x695&je=0&_u=IEBAAEABAAAAAC~&jid=987375364&gjid=538289839&cid=2068525622.1640220762&tid=UA-143374020-1&_gid=2133507327.1640220762&_r=1&_slc=1&z=967465348","https://www.google-analytics.com/j/collect?v=1&_v=j96&a=1293480338&t=pageview&_s=1&dl=https%3A%2F%2Fsupmti.ac.ma%2F&ul=en-us&de=UTF-8&dt=SupMTI%20%7C%20Reconnue%20par%20l%27Etat%20-%20Ecoles%20Sup%C3%A9rieures%20de%20Management%2C%20de%20T%C3%A9l%C3%A9communications%20et%20d%27Informatique&sd=24-bit&sr=1920x1200&vp=1351x695&je=0&_u=IEBAAEABAAAAAC~&jid=987375364&gjid=538289839&cid=2068525622.1640220762&tid=UA-143374020-1&_gid=2133507327.1640220762&_r=1&_slc=1&z=967465348","Text","2","2","200","186","187","5705","5706","Google Analytics","Google","Analytics","https://www.google-analytics.com/analytics.js"
"supmti.ac.ma","/wp-content/plugins/pixel-caffeine/build/frontend.js?ver=2.3.3","https://supmti.ac.ma/wp-content/plugins/pixel-caffeine/build/frontend.js?ver=2.3.3","Javascript","16050","16050","200","180","186","5718","5724","supmti.ac.ma","Unknown","supmti.ac.ma","https://supmti.ac.ma/"
"www.instagram.com","/p/CPaXhrjJSKm/embed/captioned/?cr=1&v=13&rd=https%3A%2F%2Fsupmti.ac.ma&rp=%2F","https://www.instagram.com/p/CPaXhrjJSKm/embed/captioned/?cr=1&v=13&rd=https%3A%2F%2Fsupmti.ac.ma&rp=%2F","HTML","19111","52251","200","432","445","6005","6018","Instagram","Instagram","Social","https://www.instagram.com/embed.js"
"supmti.ac.ma","/wp-includes/js/wp-emoji-release.min.js?ver=4.9.18","https://supmti.ac.ma/wp-includes/js/wp-emoji-release.min.js?ver=4.9.18","Javascript","11943","11943","200","176","178","5770","5772","supmti.ac.ma","Unknown","supmti.ac.ma","https://supmti.ac.ma/"
"connect.facebook.net","/signals/config/117188056980730?v=2.9.48&r=stable","https://connect.facebook.net/signals/config/117188056980730?v=2.9.48&r=stable","Javascript","88902","312372","200","181","777","5867","6463","Facebook","Facebook","Social","https://connect.facebook.net/en_US/fbevents.js"
"connect.facebook.net","/signals/plugins/identity.js?v=2.9.48","https://connect.facebook.net/signals/plugins/identity.js?v=2.9.48","Javascript","20661","65044","200","169","369","5858","6058","Facebook","Facebook","Social","https://connect.facebook.net/en_US/fbevents.js"
"supmti.ac.ma","/wp-content/uploads/2021/08/supmti-pre-inscription.jpg","https://supmti.ac.ma/wp-content/uploads/2021/08/supmti-pre-inscription.jpg","Image","26782","26782","200","179","192","5873","5886","supmti.ac.ma","Unknown","supmti.ac.ma","https://supmti.ac.ma/"
"supmti.ac.ma","/wp-content/uploads/2019/07/01image931.jpg","https://supmti.ac.ma/wp-content/uploads/2019/07/01image931.jpg","Image","450108","450108","200","167","787","5892","6512","supmti.ac.ma","Unknown","supmti.ac.ma","https://supmti.ac.ma/"
"supmti.ac.ma","/wp-content/uploads/revslider/michigan-rev-slider1/Slider2.jpg","https://supmti.ac.ma/wp-content/uploads/revslider/michigan-rev-slider1/Slider2.jpg","Image","170296","170296","200","226","1116","5984","6874","supmti.ac.ma","Unknown","supmti.ac.ma","https://supmti.ac.ma/"
"supmti.ac.ma","/wp-content/uploads/revslider/michigan-rev-slider1/Slider3.jpg","https://supmti.ac.ma/wp-content/uploads/revslider/michigan-rev-slider1/Slider3.jpg","Image","385138","385138","200","257","1633","6024","7400","supmti.ac.ma","Unknown","supmti.ac.ma","https://supmti.ac.ma/"
"supmti.ac.ma","/wp-content/plugins/a3-lazy-load/assets/images/lazy_placeholder.gif","https://supmti.ac.ma/wp-content/plugins/a3-lazy-load/assets/images/lazy_placeholder.gif","Image","42","42","200","272","273","6045","6046","supmti.ac.ma","Unknown","supmti.ac.ma","https://supmti.ac.ma/"
"supmti.ac.ma","/wp-content/plugins/a3-lazy-load/assets/css/loading.gif","https://supmti.ac.ma/wp-content/plugins/a3-lazy-load/assets/css/loading.gif","Image","1690","1690","200","185","186","6072","6073","supmti.ac.ma","Unknown","supmti.ac.ma","https://supmti.ac.ma/wp-content/plugins/a3-lazy-load/assets/css/jquery.lazyloadxt.spinner.css?ver=4.9.18"
"www.instagram.com","/static/bundles/metro/EmbedSimpleBase.css/d5d1c8482c44.css","https://www.instagram.com/static/bundles/metro/EmbedSimpleBase.css/d5d1c8482c44.css","CSS","2918","16004","200","257","260","6291","6294","Instagram","Instagram","Social","https://www.instagram.com/p/CPaXhrjJSKm/embed/captioned/?cr=1&v=13&rd=https%3A%2F%2Fsupmti.ac.ma&rp=%2F"
"www.instagram.com","/static/bundles/metro/en_US.js/4574f4ed36d2.js","https://www.instagram.com/static/bundles/metro/en_US.js/4574f4ed36d2.js","Javascript","60032","237467","200","259","299","6294","6334","Instagram","Instagram","Social","https://www.instagram.com/p/CPaXhrjJSKm/embed/captioned/?cr=1&v=13&rd=https%3A%2F%2Fsupmti.ac.ma&rp=%2F"
"www.instagram.com","/static/bundles/metro/EmbedSimple.js/19037fe248a8.js","https://www.instagram.com/static/bundles/metro/EmbedSimple.js/19037fe248a8.js","Javascript","97276","395340","200","301","759","6337","6795","Instagram","Instagram","Social","https://www.instagram.com/p/CPaXhrjJSKm/embed/captioned/?cr=1&v=13&rd=https%3A%2F%2Fsupmti.ac.ma&rp=%2F"
"supmti.ac.ma","/wp-content/plugins/Ultimate_VC_Addons/assets/min-css/fonts/slick.woff","https://supmti.ac.ma/wp-content/plugins/Ultimate_VC_Addons/assets/min-css/fonts/slick.woff","Font","1380","1380","200","296","297","6342","6343","supmti.ac.ma","Unknown","supmti.ac.ma","https://supmti.ac.ma/wp-content/plugins/Ultimate_VC_Addons/assets/min-css/ultimate.min.css?ver=3.16.10"
"supmti.ac.ma","/wp-content/uploads/2021/07/journal.png?id=6786","https://supmti.ac.ma/wp-content/uploads/2021/07/journal.png?id=6786","Image","109980","109980","200","309","384","6368","6443","supmti.ac.ma","Unknown","supmti.ac.ma","https://supmti.ac.ma/"
"supmti.ac.ma","/wp-content/plugins/wp-responsive-recent-post-slider/assets/css/arrow-left.png","https://supmti.ac.ma/wp-content/plugins/wp-responsive-recent-post-slider/assets/css/arrow-left.png","Image","441","441","200","392","393","6469","6470","supmti.ac.ma","Unknown","supmti.ac.ma","https://supmti.ac.ma/wp-content/plugins/wp-responsive-recent-post-slider/assets/css/recent-post-style.css?ver=2.7.1"
"supmti.ac.ma","/wp-content/plugins/revslider/public/assets/js/extensions/revolution.extension.slideanims.min.js","https://supmti.ac.ma/wp-content/plugins/revslider/public/assets/js/extensions/revolution.extension.slideanims.min.js","Javascript","28372","28372","200","274","289","6617","6632","supmti.ac.ma","Unknown","supmti.ac.ma","https://supmti.ac.ma/wp-includes/js/jquery/jquery.js?ver=1.12.4"
"supmti.ac.ma","/wp-content/plugins/revslider/public/assets/js/extensions/revolution.extension.actions.min.js","https://supmti.ac.ma/wp-content/plugins/revslider/public/assets/js/extensions/revolution.extension.actions.min.js","Javascript","8090","8090","200","195","197","6638","6640","supmti.ac.ma","Unknown","supmti.ac.ma","https://supmti.ac.ma/wp-includes/js/jquery/jquery.js?ver=1.12.4"
"supmti.ac.ma","/wp-content/plugins/revslider/public/assets/js/extensions/revolution.extension.layeranimation.min.js","https://supmti.ac.ma/wp-content/plugins/revslider/public/assets/js/extensions/revolution.extension.layeranimation.min.js","Javascript","45397","45397","200","175","202","6645","6672","supmti.ac.ma","Unknown","supmti.ac.ma","https://supmti.ac.ma/wp-includes/js/jquery/jquery.js?ver=1.12.4"
"platform.twitter.com","/widgets/widget_iframe.21f942bb866c2823339b839747a0c50c.html?origin=https%3A%2F%2Fsupmti.ac.ma","https://platform.twitter.com/widgets/widget_iframe.21f942bb866c2823339b839747a0c50c.html?origin=https%3A%2F%2Fsupmti.ac.ma","HTML","105433","327158","200","196","375","6674","6853","Twitter","Twitter","Social","https://platform.twitter.com/widgets.js"
"supmti.ac.ma","/wp-content/plugins/revslider/public/assets/js/extensions/revolution.extension.navigation.min.js","https://supmti.ac.ma/wp-content/plugins/revslider/public/assets/js/extensions/revolution.extension.navigation.min.js","Javascript","25915","25915","200","205","218","6718","6731","supmti.ac.ma","Unknown","supmti.ac.ma","https://supmti.ac.ma/wp-includes/js/jquery/jquery.js?ver=1.12.4"
"supmti.ac.ma","/wp-content/plugins/Ultimate_VC_Addons/assets/css/fonts/ult-silk.woff","https://supmti.ac.ma/wp-content/plugins/Ultimate_VC_Addons/assets/css/fonts/ult-silk.woff","Font","2504","2504","200","168","169","6801","6802","supmti.ac.ma","Unknown","supmti.ac.ma","https://supmti.ac.ma/wp-content/plugins/Ultimate_VC_Addons/assets/css/icons.css?ver=3.16.10"
"supmti.ac.ma","/wp-content/plugins/revslider/public/assets/js/extensions/revolution.extension.parallax.min.js","https://supmti.ac.ma/wp-content/plugins/revslider/public/assets/js/extensions/revolution.extension.parallax.min.js","Javascript","9186","9186","200","165","168","6806","6809","supmti.ac.ma","Unknown","supmti.ac.ma","https://supmti.ac.ma/wp-includes/js/jquery/jquery.js?ver=1.12.4"
"www.instagram.com","/static/bundles/metro/Polyfills.js/cb2baa6e60b2.js","https://www.instagram.com/static/bundles/metro/Polyfills.js/cb2baa6e60b2.js","Javascript","12450","44495","200","144","165","6811","6832","Instagram","Instagram","Social","https://www.instagram.com/p/CPaXhrjJSKm/embed/captioned/?cr=1&v=13&rd=https%3A%2F%2Fsupmti.ac.ma&rp=%2F"
"supmti.ac.ma","/wp-content/plugins/Ultimate_VC_Addons/assets/img/cross.png","https://supmti.ac.ma/wp-content/plugins/Ultimate_VC_Addons/assets/img/cross.png","Image","1163","1163","200","146","147","6818","6819","supmti.ac.ma","Unknown","supmti.ac.ma","https://supmti.ac.ma/wp-content/plugins/Ultimate_VC_Addons/assets/min-css/ultimate.min.css?ver=3.16.10"
"supmti.ac.ma","/wp-content/plugins/wp-responsive-recent-post-slider/assets/css/arrow-right.png","https://supmti.ac.ma/wp-content/plugins/wp-responsive-recent-post-slider/assets/css/arrow-right.png","Image","433","433","200","125","126","6857","6858","supmti.ac.ma","Unknown","supmti.ac.ma","https://supmti.ac.ma/wp-content/plugins/wp-responsive-recent-post-slider/assets/css/recent-post-style.css?ver=2.7.1"
"fonts.gstatic.com","/s/roboto/v29/KFOlCnqEu92Fr1MmEU9fBBc4.woff2","https://fonts.gstatic.com/s/roboto/v29/KFOlCnqEu92Fr1MmEU9fBBc4.woff2","Font","15920","15920","200","120","228","6877","6985","Google Fonts","Google","CDNs","https://fonts.googleapis.com/css?family=Roboto%3A500"
"fonts.gstatic.com","/s/droidserif/v13/tDbX2oqRg1oM3QBjjcaDkOr4lLz5CwOnSA.woff2","https://fonts.gstatic.com/s/droidserif/v13/tDbX2oqRg1oM3QBjjcaDkOr4lLz5CwOnSA.woff2","Font","23508","23508","200","131","255","6888","7012","Google Fonts","Google","CDNs","https://fonts.googleapis.com/css?family=Droid+Serif%3A700italic"
"supmti.ac.ma","/wp-content/plugins/Ultimate_VC_Addons/assets/min-css/ajax-loader.gif","https://supmti.ac.ma/wp-content/plugins/Ultimate_VC_Addons/assets/min-css/ajax-loader.gif","Image","4178","4178","200","107","110","6909","6912","supmti.ac.ma","Unknown","supmti.ac.ma","https://supmti.ac.ma/wp-content/plugins/Ultimate_VC_Addons/assets/min-css/ultimate.min.css?ver=3.16.10"
"www.facebook.com","/tr/?id=117188056980730&ev=PageView&dl=https%3A%2F%2Fsupmti.ac.ma%2F&rl=&if=false&ts=1640220763132&cd[userAgent]=Mozilla%2F5.0%20(X11%3B%20Linux%20x86_64)%20AppleWebKit%2F537.36%20(KHTML%2C%20like%20Gecko)%20Chrome%2F96.0.4664.110%20Safari%2F537.36%20PTST%2F211207.195343&cd[language]=en-US&cd[referrer]=&sw=1920&sh=1200&v=2.9.48&r=stable&a=dvpixelcaffeinewordpress&ec=0&o=30&fbp=fb.2.1640220763129.687471563&it=1640220761926&coo=false&rqm=GET","https://www.facebook.com/tr/?id=117188056980730&ev=PageView&dl=https%3A%2F%2Fsupmti.ac.ma%2F&rl=&if=false&ts=1640220763132&cd[userAgent]=Mozilla%2F5.0%20(X11%3B%20Linux%20x86_64)%20AppleWebKit%2F537.36%20(KHTML%2C%20like%20Gecko)%20Chrome%2F96.0.4664.110%20Safari%2F537.36%20PTST%2F211207.195343&cd[language]=en-US&cd[referrer]=&sw=1920&sh=1200&v=2.9.48&r=stable&a=dvpixelcaffeinewordpress&ec=0&o=30&fbp=fb.2.1640220763129.687471563&it=1640220761926&coo=false&rqm=GET","Image","44","44","200","82","82","7042","7042","Facebook","Facebook","Social","https://supmti.ac.ma/"
"www.facebook.com","/tr/?id=117188056980730&ev=AdvancedEvents&dl=https%3A%2F%2Fsupmti.ac.ma%2F&rl=&if=false&ts=1640220763134&cd[login_status]=not_logged_in&cd[post_type]=page&cd[object_id]=1525&cd[object_type]=home&cd[tax_yst_prominent_words]=%5B%22%7D%20raquo%22%2C%22%23ffffff%20raquo%22%2C%22box_bg_color%3D%20raquo%22%2C%22box_text_color%3D%20raquo%22%2C%22css%3D%20raquo%22%2C%22icon_color%3D%20raquo%22%2C%22icon_height%3D%20raquo%22%2C%22icon_size%3D%20raquo%22%2C%22icon%3D%20raquo%22%2C%22link%3D%20raquo%22%2C%22padding-bottom%2050px%22%2C%22padding-left%2032px%22%2C%22padding-right%2032px%22%2C%22stm_icon_box%20icon%3D%22%2C%22stm_icon_box%20icon%3D%20raquo%22%2C%22title%3D%20raquo%22%2C%22vc_column%20width%3D%20raquo%22%2C%22vc_custom_heading%20text%3D%20raquo%22%2C%22vc_row%20css%3D%20raquo%22%2C%22width%3D%20raquo%22%5D&cd[userAgent]=Mozilla%2F5.0%20(X11%3B%20Linux%20x86_64)%20AppleWebKit%2F537.36%20(KHTML%2C%20like%20Gecko)%20Chrome%2F96.0.4664.110%20Safari%2F537.36%20PTST%2F211207.195343&cd[language]=en-US&cd[referrer]=&sw=1920&sh=1200&v=2.9.48&r=stable&a=dvpixelcaffeinewordpress&ec=1&o=30&fbp=fb.2.1640220763129.687471563&it=1640220761926&coo=false&rqm=GET","https://www.facebook.com/tr/?id=117188056980730&ev=AdvancedEvents&dl=https%3A%2F%2Fsupmti.ac.ma%2F&rl=&if=false&ts=1640220763134&cd[login_status]=not_logged_in&cd[post_type]=page&cd[object_id]=1525&cd[object_type]=home&cd[tax_yst_prominent_words]=%5B%22%7D%20raquo%22%2C%22%23ffffff%20raquo%22%2C%22box_bg_color%3D%20raquo%22%2C%22box_text_color%3D%20raquo%22%2C%22css%3D%20raquo%22%2C%22icon_color%3D%20raquo%22%2C%22icon_height%3D%20raquo%22%2C%22icon_size%3D%20raquo%22%2C%22icon%3D%20raquo%22%2C%22link%3D%20raquo%22%2C%22padding-bottom%2050px%22%2C%22padding-left%2032px%22%2C%22padding-right%2032px%22%2C%22stm_icon_box%20icon%3D%22%2C%22stm_icon_box%20icon%3D%20raquo%22%2C%22title%3D%20raquo%22%2C%22vc_column%20width%3D%20raquo%22%2C%22vc_custom_heading%20text%3D%20raquo%22%2C%22vc_row%20css%3D%20raquo%22%2C%22width%3D%20raquo%22%5D&cd[userAgent]=Mozilla%2F5.0%20(X11%3B%20Linux%20x86_64)%20AppleWebKit%2F537.36%20(KHTML%2C%20like%20Gecko)%20Chrome%2F96.0.4664.110%20Safari%2F537.36%20PTST%2F211207.195343&cd[language]=en-US&cd[referrer]=&sw=1920&sh=1200&v=2.9.48&r=stable&a=dvpixelcaffeinewordpress&ec=1&o=30&fbp=fb.2.1640220763129.687471563&it=1640220761926&coo=false&rqm=GET","Image","44","44","200","82","83","7042","7043","Facebook","Facebook","Social","https://supmti.ac.ma/"
"www.facebook.com","/plugins/customer_chat/facade_gating/?page_id=166427796738485&suppress_http_code=1","https://www.facebook.com/plugins/customer_chat/facade_gating/?page_id=166427796738485&suppress_http_code=1","JSON","41","37","200","112","113","7072","7073","Facebook","Facebook","Social","https://connect.facebook.net/fr_FR/sdk/xfbml.customerchat.js"
"scontent-frx5-1.cdninstagram.com","/v/t51.2885-19/s150x150/193561117_555857172086590_2705910237547362457_n.jpg?_nc_ht=scontent-frx5-1.cdninstagram.com&_nc_cat=110&_nc_ohc=BQObuDPFd00AX8pcRcr&edm=AJBgZrYBAAAA&ccb=7-4&oh=00_AT-wp9DelsBT3JU66KfdTADG7KAyR6c3E91RPmLarlK2Bg&oe=61CAAC47&_nc_sid=78c662","https://scontent-frx5-1.cdninstagram.com/v/t51.2885-19/s150x150/193561117_555857172086590_2705910237547362457_n.jpg?_nc_ht=scontent-frx5-1.cdninstagram.com&_nc_cat=110&_nc_ohc=BQObuDPFd00AX8pcRcr&edm=AJBgZrYBAAAA&ccb=7-4&oh=00_AT-wp9DelsBT3JU66KfdTADG7KAyR6c3E91RPmLarlK2Bg&oe=61CAAC47&_nc_sid=78c662","Image","4607","4607","200","82","96","7092","7106","Instagram","Instagram","Social","https://www.instagram.com/p/CPaXhrjJSKm/embed/captioned/?cr=1&v=13&rd=https%3A%2F%2Fsupmti.ac.ma&rp=%2F"
"scontent-frx5-1.cdninstagram.com","/v/t51.2885-15/sh0.08/e35/s640x640/191997812_310583660563463_1801162601673246137_n.jpg?_nc_ht=scontent-frx5-1.cdninstagram.com&_nc_cat=111&_nc_ohc=RI5fKrPDqLcAX97ZLSF&edm=AJBgZrYBAAAA&ccb=7-4&oh=00_AT8gyPkAgqOLklEZYyCzICCNjrcFACpBukzjycy4zEG2dQ&oe=61CB5E1A&_nc_sid=78c662","https://scontent-frx5-1.cdninstagram.com/v/t51.2885-15/sh0.08/e35/s640x640/191997812_310583660563463_1801162601673246137_n.jpg?_nc_ht=scontent-frx5-1.cdninstagram.com&_nc_cat=111&_nc_ohc=RI5fKrPDqLcAX97ZLSF&edm=AJBgZrYBAAAA&ccb=7-4&oh=00_AT8gyPkAgqOLklEZYyCzICCNjrcFACpBukzjycy4zEG2dQ&oe=61CB5E1A&_nc_sid=78c662","Image","68147","68147","200","162","288","7172","7298","Instagram","Instagram","Social","https://www.instagram.com/p/CPaXhrjJSKm/embed/captioned/?cr=1&v=13&rd=https%3A%2F%2Fsupmti.ac.ma&rp=%2F"
"scontent-frx5-1.cdninstagram.com","/v/t51.2885-15/e35/s150x150/267353268_151124067253445_8826868544656533867_n.jpg?_nc_ht=scontent-frx5-1.cdninstagram.com&_nc_cat=105&_nc_ohc=cKlVycAqDWIAX_9MFYd&edm=AJBgZrYBAAAA&ccb=7-4&oh=00_AT_VharAxZ3xCpV50wxO9Ya2Gs5dhXfT-4E0cyuFywoJPQ&oe=61C9DE55&_nc_sid=78c662","https://scontent-frx5-1.cdninstagram.com/v/t51.2885-15/e35/s150x150/267353268_151124067253445_8826868544656533867_n.jpg?_nc_ht=scontent-frx5-1.cdninstagram.com&_nc_cat=105&_nc_ohc=cKlVycAqDWIAX_9MFYd&edm=AJBgZrYBAAAA&ccb=7-4&oh=00_AT_VharAxZ3xCpV50wxO9Ya2Gs5dhXfT-4E0cyuFywoJPQ&oe=61C9DE55&_nc_sid=78c662","Image","7510","7510","200","95","160","7106","7171","Instagram","Instagram","Social","https://www.instagram.com/p/CPaXhrjJSKm/embed/captioned/?cr=1&v=13&rd=https%3A%2F%2Fsupmti.ac.ma&rp=%2F"
"scontent-frx5-2.cdninstagram.com","/v/t51.2885-15/e35/p150x150/269677646_3039816852898473_7439782205166836947_n.jpg?_nc_ht=scontent-frx5-2.cdninstagram.com&_nc_cat=109&_nc_ohc=QFw2q6FE27IAX8lRe77&edm=AJBgZrYBAAAA&ccb=7-4&oh=00_AT8LV68CLkDr0vc33u94WQuLI3g3zPiW8ucvnkcoYkp3gA&oe=61C5DDD7&_nc_sid=78c662","https://scontent-frx5-2.cdninstagram.com/v/t51.2885-15/e35/p150x150/269677646_3039816852898473_7439782205166836947_n.jpg?_nc_ht=scontent-frx5-2.cdninstagram.com&_nc_cat=109&_nc_ohc=QFw2q6FE27IAX8lRe77&edm=AJBgZrYBAAAA&ccb=7-4&oh=00_AT8LV68CLkDr0vc33u94WQuLI3g3zPiW8ucvnkcoYkp3gA&oe=61C5DDD7&_nc_sid=78c662","Image","14538","14538","200","83","93","7094","7104","Instagram","Instagram","Social","https://www.instagram.com/p/CPaXhrjJSKm/embed/captioned/?cr=1&v=13&rd=https%3A%2F%2Fsupmti.ac.ma&rp=%2F"
"supmti.ac.ma","/wp-content/plugins/revslider/public/assets/fonts/revicons/revicons.woff?5510888","https://supmti.ac.ma/wp-content/plugins/revslider/public/assets/fonts/revicons/revicons.woff?5510888","Font","7536","7536","200","83","84","7460","7461","supmti.ac.ma","Unknown","supmti.ac.ma","https://supmti.ac.ma/wp-content/plugins/revslider/public/assets/css/settings.css?ver=5.3.0.2"
"www.facebook.com","/plugins/customer_chat/SDK/?app_id=&attribution=wordpress&attribution_version=1.8&channel=https%3A%2F%2Fstaticxx.facebook.com%2Fx%2Fconnect%2Fxd_arbiter%2F%3Fversion%3D46%23cb%3Df210f0d0c16e7b8%26domain%3Dsupmti.ac.ma%26is_canvas%3Dfalse%26origin%3Dhttps%253A%252F%252Fsupmti.ac.ma%252Ff3f36544ac56b0c%26relation%3Dparent.parent&container_width=0&current_url=https%3A%2F%2Fsupmti.ac.ma%2F&event_name=chat_plugin_sdk_dialog_iframe_create&loading_time=0&locale=fr_FR&log_id=48b9ecd8-e13d-467d-bfcc-85dddb8f1721&page_id=166427796738485&request_time=1640220763866&sdk=joey&suppress_http_code=1","https://www.facebook.com/plugins/customer_chat/SDK/?app_id=&attribution=wordpress&attribution_version=1.8&channel=https%3A%2F%2Fstaticxx.facebook.com%2Fx%2Fconnect%2Fxd_arbiter%2F%3Fversion%3D46%23cb%3Df210f0d0c16e7b8%26domain%3Dsupmti.ac.ma%26is_canvas%3Dfalse%26origin%3Dhttps%253A%252F%252Fsupmti.ac.ma%252Ff3f36544ac56b0c%26relation%3Dparent.parent&container_width=0&current_url=https%3A%2F%2Fsupmti.ac.ma%2F&event_name=chat_plugin_sdk_dialog_iframe_create&loading_time=0&locale=fr_FR&log_id=48b9ecd8-e13d-467d-bfcc-85dddb8f1721&page_id=166427796738485&request_time=1640220763866&sdk=joey&suppress_http_code=1","HTML","0","0","200","114","114","7634","7634","Facebook","Facebook","Social","https://connect.facebook.net/fr_FR/sdk/xfbml.customerchat.js"
"www.facebook.com","/v6.0/plugins/customerchat.php?app_id=&attribution=wordpress&attribution_version=1.8&channel=https%3A%2F%2Fstaticxx.facebook.com%2Fx%2Fconnect%2Fxd_arbiter%2F%3Fversion%3D46%23cb%3Df210f0d0c16e7b8%26domain%3Dsupmti.ac.ma%26is_canvas%3Dfalse%26origin%3Dhttps%253A%252F%252Fsupmti.ac.ma%252Ff3f36544ac56b0c%26relation%3Dparent.parent&container_width=0&current_url=https%3A%2F%2Fsupmti.ac.ma%2F&locale=fr_FR&log_id=48b9ecd8-e13d-467d-bfcc-85dddb8f1721&page_id=166427796738485&request_time=1640220763866&sdk=joey","https://www.facebook.com/v6.0/plugins/customerchat.php?app_id=&attribution=wordpress&attribution_version=1.8&channel=https%3A%2F%2Fstaticxx.facebook.com%2Fx%2Fconnect%2Fxd_arbiter%2F%3Fversion%3D46%23cb%3Df210f0d0c16e7b8%26domain%3Dsupmti.ac.ma%26is_canvas%3Dfalse%26origin%3Dhttps%253A%252F%252Fsupmti.ac.ma%252Ff3f36544ac56b0c%26relation%3Dparent.parent&container_width=0&current_url=https%3A%2F%2Fsupmti.ac.ma%2F&locale=fr_FR&log_id=48b9ecd8-e13d-467d-bfcc-85dddb8f1721&page_id=166427796738485&request_time=1640220763866&sdk=joey","HTML","31672","101791","200","212","304","7761","7853","Facebook","Facebook","Social","https://connect.facebook.net/fr_FR/sdk/xfbml.customerchat.js"
"www.facebook.com","/tr/","https://www.facebook.com/tr/","Text","0","0","200","82","82","7688","7688","Facebook","Facebook","Social","https://supmti.ac.ma/"
"www.instagram.com","/static/bundles/metro/EmbedAsyncLogger.js/b187db0ffaad.js","https://www.instagram.com/static/bundles/metro/EmbedAsyncLogger.js/b187db0ffaad.js","Javascript","710","1683","200","80","81","7755","7756","Instagram","Instagram","Social","https://www.instagram.com/static/bundles/metro/EmbedSimple.js/19037fe248a8.js"
"syndication.twitter.com","/settings?session_id=dd148ef7440544e281e23d1c58c54c67eb3a0958","https://syndication.twitter.com/settings?session_id=dd148ef7440544e281e23d1c58c54c67eb3a0958","JSON","166","232","200","188","189","8080","8081","Twitter","Twitter","Social","https://platform.twitter.com/widgets/widget_iframe.21f942bb866c2823339b839747a0c50c.html?origin=https%3A%2F%2Fsupmti.ac.ma"
"static.xx.fbcdn.net","/rsrc.php/v3/yR/l/0,cross/4iJ05MrwxAn.css?_nc_x=Ij3Wp8lg5Kz","https://static.xx.fbcdn.net/rsrc.php/v3/yR/l/0,cross/4iJ05MrwxAn.css?_nc_x=Ij3Wp8lg5Kz","CSS","4727","18644","200","84","179","8121","8216","Facebook","Facebook","Social","https://www.facebook.com/v6.0/plugins/customerchat.php?app_id=&attribution=wordpress&attribution_version=1.8&channel=https%3A%2F%2Fstaticxx.facebook.com%2Fx%2Fconnect%2Fxd_arbiter%2F%3Fversion%3D46%23cb%3Df210f0d0c16e7b8%26domain%3Dsupmti.ac.ma%26is_canvas%3Dfalse%26origin%3Dhttps%253A%252F%252Fsupmti.ac.ma%252Ff3f36544ac56b0c%26relation%3Dparent.parent&container_width=0&current_url=https%3A%2F%2Fsupmti.ac.ma%2F&locale=fr_FR&log_id=48b9ecd8-e13d-467d-bfcc-85dddb8f1721&page_id=166427796738485&request_time=1640220763866&sdk=joey"
"static.xx.fbcdn.net","/rsrc.php/v3/yF/l/0,cross/FPdNN1TK3wJ.css?_nc_x=Ij3Wp8lg5Kz","https://static.xx.fbcdn.net/rsrc.php/v3/yF/l/0,cross/FPdNN1TK3wJ.css?_nc_x=Ij3Wp8lg5Kz","CSS","815","1922","200","84","176","8122","8214","Facebook","Facebook","Social","https://www.facebook.com/v6.0/plugins/customerchat.php?app_id=&attribution=wordpress&attribution_version=1.8&channel=https%3A%2F%2Fstaticxx.facebook.com%2Fx%2Fconnect%2Fxd_arbiter%2F%3Fversion%3D46%23cb%3Df210f0d0c16e7b8%26domain%3Dsupmti.ac.ma%26is_canvas%3Dfalse%26origin%3Dhttps%253A%252F%252Fsupmti.ac.ma%252Ff3f36544ac56b0c%26relation%3Dparent.parent&container_width=0&current_url=https%3A%2F%2Fsupmti.ac.ma%2F&locale=fr_FR&log_id=48b9ecd8-e13d-467d-bfcc-85dddb8f1721&page_id=166427796738485&request_time=1640220763866&sdk=joey"
"static.xx.fbcdn.net","/rsrc.php/v3/yb/r/48t_-mn1SY7.js?_nc_x=Ij3Wp8lg5Kz","https://static.xx.fbcdn.net/rsrc.php/v3/yb/r/48t_-mn1SY7.js?_nc_x=Ij3Wp8lg5Kz","Javascript","84528","314561","200","85","316","8123","8354","Facebook","Facebook","Social","https://www.facebook.com/v6.0/plugins/customerchat.php?app_id=&attribution=wordpress&attribution_version=1.8&channel=https%3A%2F%2Fstaticxx.facebook.com%2Fx%2Fconnect%2Fxd_arbiter%2F%3Fversion%3D46%23cb%3Df210f0d0c16e7b8%26domain%3Dsupmti.ac.ma%26is_canvas%3Dfalse%26origin%3Dhttps%253A%252F%252Fsupmti.ac.ma%252Ff3f36544ac56b0c%26relation%3Dparent.parent&container_width=0&current_url=https%3A%2F%2Fsupmti.ac.ma%2F&locale=fr_FR&log_id=48b9ecd8-e13d-467d-bfcc-85dddb8f1721&page_id=166427796738485&request_time=1640220763866&sdk=joey"
"static.xx.fbcdn.net","/rsrc.php/v3/yv/r/GG1Y0sYc7My.js?_nc_x=Ij3Wp8lg5Kz","https://static.xx.fbcdn.net/rsrc.php/v3/yv/r/GG1Y0sYc7My.js?_nc_x=Ij3Wp8lg5Kz","Javascript","1640","5365","200","85","318","8123","8356","Facebook","Facebook","Social","https://www.facebook.com/v6.0/plugins/customerchat.php?app_id=&attribution=wordpress&attribution_version=1.8&channel=https%3A%2F%2Fstaticxx.facebook.com%2Fx%2Fconnect%2Fxd_arbiter%2F%3Fversion%3D46%23cb%3Df210f0d0c16e7b8%26domain%3Dsupmti.ac.ma%26is_canvas%3Dfalse%26origin%3Dhttps%253A%252F%252Fsupmti.ac.ma%252Ff3f36544ac56b0c%26relation%3Dparent.parent&container_width=0&current_url=https%3A%2F%2Fsupmti.ac.ma%2F&locale=fr_FR&log_id=48b9ecd8-e13d-467d-bfcc-85dddb8f1721&page_id=166427796738485&request_time=1640220763866&sdk=joey"
"static.xx.fbcdn.net","/rsrc.php/v3/ys/r/T8BJ7ETas0v.js?_nc_x=Ij3Wp8lg5Kz","https://static.xx.fbcdn.net/rsrc.php/v3/ys/r/T8BJ7ETas0v.js?_nc_x=Ij3Wp8lg5Kz","Javascript","13499","42292","200","85","336","8123","8374","Facebook","Facebook","Social","https://www.facebook.com/v6.0/plugins/customerchat.php?app_id=&attribution=wordpress&attribution_version=1.8&channel=https%3A%2F%2Fstaticxx.facebook.com%2Fx%2Fconnect%2Fxd_arbiter%2F%3Fversion%3D46%23cb%3Df210f0d0c16e7b8%26domain%3Dsupmti.ac.ma%26is_canvas%3Dfalse%26origin%3Dhttps%253A%252F%252Fsupmti.ac.ma%252Ff3f36544ac56b0c%26relation%3Dparent.parent&container_width=0&current_url=https%3A%2F%2Fsupmti.ac.ma%2F&locale=fr_FR&log_id=48b9ecd8-e13d-467d-bfcc-85dddb8f1721&page_id=166427796738485&request_time=1640220763866&sdk=joey"
"static.xx.fbcdn.net","/rsrc.php/v3/ye/r/xyCIQCGmYe4.js?_nc_x=Ij3Wp8lg5Kz","https://static.xx.fbcdn.net/rsrc.php/v3/ye/r/xyCIQCGmYe4.js?_nc_x=Ij3Wp8lg5Kz","Javascript","14881","47504","200","337","354","8376","8393","Facebook","Facebook","Social","https://www.facebook.com/v6.0/plugins/customerchat.php?app_id=&attribution=wordpress&attribution_version=1.8&channel=https%3A%2F%2Fstaticxx.facebook.com%2Fx%2Fconnect%2Fxd_arbiter%2F%3Fversion%3D46%23cb%3Df210f0d0c16e7b8%26domain%3Dsupmti.ac.ma%26is_canvas%3Dfalse%26origin%3Dhttps%253A%252F%252Fsupmti.ac.ma%252Ff3f36544ac56b0c%26relation%3Dparent.parent&container_width=0&current_url=https%3A%2F%2Fsupmti.ac.ma%2F&locale=fr_FR&log_id=48b9ecd8-e13d-467d-bfcc-85dddb8f1721&page_id=166427796738485&request_time=1640220763866&sdk=joey"
"static.xx.fbcdn.net","/rsrc.php/v3/yH/r/aDvorjkGl0f.js?_nc_x=Ij3Wp8lg5Kz","https://static.xx.fbcdn.net/rsrc.php/v3/yH/r/aDvorjkGl0f.js?_nc_x=Ij3Wp8lg5Kz","Javascript","7690","22112","200","337","365","8376","8404","Facebook","Facebook","Social","https://www.facebook.com/v6.0/plugins/customerchat.php?app_id=&attribution=wordpress&attribution_version=1.8&channel=https%3A%2F%2Fstaticxx.facebook.com%2Fx%2Fconnect%2Fxd_arbiter%2F%3Fversion%3D46%23cb%3Df210f0d0c16e7b8%26domain%3Dsupmti.ac.ma%26is_canvas%3Dfalse%26origin%3Dhttps%253A%252F%252Fsupmti.ac.ma%252Ff3f36544ac56b0c%26relation%3Dparent.parent&container_width=0&current_url=https%3A%2F%2Fsupmti.ac.ma%2F&locale=fr_FR&log_id=48b9ecd8-e13d-467d-bfcc-85dddb8f1721&page_id=166427796738485&request_time=1640220763866&sdk=joey"
"static.xx.fbcdn.net","/rsrc.php/v3ipk24/yi/l/fr_FR/03-Aw1IcSap.js?_nc_x=Ij3Wp8lg5Kz","https://static.xx.fbcdn.net/rsrc.php/v3ipk24/yi/l/fr_FR/03-Aw1IcSap.js?_nc_x=Ij3Wp8lg5Kz","Javascript","137272","869203","200","337","526","8376","8565","Facebook","Facebook","Social","https://www.facebook.com/v6.0/plugins/customerchat.php?app_id=&attribution=wordpress&attribution_version=1.8&channel=https%3A%2F%2Fstaticxx.facebook.com%2Fx%2Fconnect%2Fxd_arbiter%2F%3Fversion%3D46%23cb%3Df210f0d0c16e7b8%26domain%3Dsupmti.ac.ma%26is_canvas%3Dfalse%26origin%3Dhttps%253A%252F%252Fsupmti.ac.ma%252Ff3f36544ac56b0c%26relation%3Dparent.parent&container_width=0&current_url=https%3A%2F%2Fsupmti.ac.ma%2F&locale=fr_FR&log_id=48b9ecd8-e13d-467d-bfcc-85dddb8f1721&page_id=166427796738485&request_time=1640220763866&sdk=joey"
"platform.twitter.com","/js/horizon_tweet.4027cff8c5dfbbf9b414b0df963e6b7d.js","https://platform.twitter.com/js/horizon_tweet.4027cff8c5dfbbf9b414b0df963e6b7d.js","Javascript","2438","6896","200","75","120","8166","8211","Twitter","Twitter","Social","https://platform.twitter.com/widgets.js"
"platform.twitter.com","/embed/Tweet.html?creatorScreenName=ecolesupmti&dnt=false&embedId=twitter-widget-0&features=eyJ0ZndfZXhwZXJpbWVudHNfY29va2llX2V4cGlyYXRpb24iOnsiYnVja2V0IjoxMjA5NjAwLCJ2ZXJzaW9uIjpudWxsfSwidGZ3X2hvcml6b25fdHdlZXRfZW1iZWRfOTU1NSI6eyJidWNrZXQiOiJodGUiLCJ2ZXJzaW9uIjpudWxsfSwidGZ3X3NwYWNlX2NhcmQiOnsiYnVja2V0Ijoib2ZmIiwidmVyc2lvbiI6bnVsbH19&frame=false&hideCard=false&hideThread=false&id=1419648624326234119&lang=fr&origin=https%3A%2F%2Fsupmti.ac.ma%2F&sessionId=dd148ef7440544e281e23d1c58c54c67eb3a0958&siteScreenName=ecolesupmti&theme=light&widgetsVersion=9fd78d5%3A1638479056965&width=550px","https://platform.twitter.com/embed/Tweet.html?creatorScreenName=ecolesupmti&dnt=false&embedId=twitter-widget-0&features=eyJ0ZndfZXhwZXJpbWVudHNfY29va2llX2V4cGlyYXRpb24iOnsiYnVja2V0IjoxMjA5NjAwLCJ2ZXJzaW9uIjpudWxsfSwidGZ3X2hvcml6b25fdHdlZXRfZW1iZWRfOTU1NSI6eyJidWNrZXQiOiJodGUiLCJ2ZXJzaW9uIjpudWxsfSwidGZ3X3NwYWNlX2NhcmQiOnsiYnVja2V0Ijoib2ZmIiwidmVyc2lvbiI6bnVsbH19&frame=false&hideCard=false&hideThread=false&id=1419648624326234119&lang=fr&origin=https%3A%2F%2Fsupmti.ac.ma%2F&sessionId=dd148ef7440544e281e23d1c58c54c67eb3a0958&siteScreenName=ecolesupmti&theme=light&widgetsVersion=9fd78d5%3A1638479056965&width=550px","HTML","487","487","200","74","76","8358","8360","Twitter","Twitter","Social","https://platform.twitter.com/widgets.js"
"platform.twitter.com","/embed/embed.runtime.54a58eb5540918258367.js","https://platform.twitter.com/embed/embed.runtime.54a58eb5540918258367.js","Javascript","3522","8616","200","91","93","8509","8511","Twitter","Twitter","Social","https://platform.twitter.com/embed/Tweet.html?creatorScreenName=ecolesupmti&dnt=false&embedId=twitter-widget-0&features=eyJ0ZndfZXhwZXJpbWVudHNfY29va2llX2V4cGlyYXRpb24iOnsiYnVja2V0IjoxMjA5NjAwLCJ2ZXJzaW9uIjpudWxsfSwidGZ3X2hvcml6b25fdHdlZXRfZW1iZWRfOTU1NSI6eyJidWNrZXQiOiJodGUiLCJ2ZXJzaW9uIjpudWxsfSwidGZ3X3NwYWNlX2NhcmQiOnsiYnVja2V0Ijoib2ZmIiwidmVyc2lvbiI6bnVsbH19&frame=false&hideCard=false&hideThread=false&id=1419648624326234119&lang=fr&origin=https%3A%2F%2Fsupmti.ac.ma%2F&sessionId=dd148ef7440544e281e23d1c58c54c67eb3a0958&siteScreenName=ecolesupmti&theme=light&widgetsVersion=9fd78d5%3A1638479056965&width=550px"
"platform.twitter.com","/embed/embed.modules.66e311263622456867b1.js","https://platform.twitter.com/embed/embed.modules.66e311263622456867b1.js","Javascript","166772","531463","200","97","330","8516","8749","Twitter","Twitter","Social","https://platform.twitter.com/embed/Tweet.html?creatorScreenName=ecolesupmti&dnt=false&embedId=twitter-widget-0&features=eyJ0ZndfZXhwZXJpbWVudHNfY29va2llX2V4cGlyYXRpb24iOnsiYnVja2V0IjoxMjA5NjAwLCJ2ZXJzaW9uIjpudWxsfSwidGZ3X2hvcml6b25fdHdlZXRfZW1iZWRfOTU1NSI6eyJidWNrZXQiOiJodGUiLCJ2ZXJzaW9uIjpudWxsfSwidGZ3X3NwYWNlX2NhcmQiOnsiYnVja2V0Ijoib2ZmIiwidmVyc2lvbiI6bnVsbH19&frame=false&hideCard=false&hideThread=false&id=1419648624326234119&lang=fr&origin=https%3A%2F%2Fsupmti.ac.ma%2F&sessionId=dd148ef7440544e281e23d1c58c54c67eb3a0958&siteScreenName=ecolesupmti&theme=light&widgetsVersion=9fd78d5%3A1638479056965&width=550px"
"platform.twitter.com","/embed/embed.i18n.c052951fae9a0c2b4020.js","https://platform.twitter.com/embed/embed.i18n.c052951fae9a0c2b4020.js","Javascript","146","146","200","74","75","8585","8586","Twitter","Twitter","Social","https://platform.twitter.com/embed/Tweet.html?creatorScreenName=ecolesupmti&dnt=false&embedId=twitter-widget-0&features=eyJ0ZndfZXhwZXJpbWVudHNfY29va2llX2V4cGlyYXRpb24iOnsiYnVja2V0IjoxMjA5NjAwLCJ2ZXJzaW9uIjpudWxsfSwidGZ3X2hvcml6b25fdHdlZXRfZW1iZWRfOTU1NSI6eyJidWNrZXQiOiJodGUiLCJ2ZXJzaW9uIjpudWxsfSwidGZ3X3NwYWNlX2NhcmQiOnsiYnVja2V0Ijoib2ZmIiwidmVyc2lvbiI6bnVsbH19&frame=false&hideCard=false&hideThread=false&id=1419648624326234119&lang=fr&origin=https%3A%2F%2Fsupmti.ac.ma%2F&sessionId=dd148ef7440544e281e23d1c58c54c67eb3a0958&siteScreenName=ecolesupmti&theme=light&widgetsVersion=9fd78d5%3A1638479056965&width=550px"
"platform.twitter.com","/embed/embed.Tweet.7441fbde60739a79657a.js","https://platform.twitter.com/embed/embed.Tweet.7441fbde60739a79657a.js","Javascript","5739","15994","200","77","78","8663","8664","Twitter","Twitter","Social","https://platform.twitter.com/embed/Tweet.html?creatorScreenName=ecolesupmti&dnt=false&embedId=twitter-widget-0&features=eyJ0ZndfZXhwZXJpbWVudHNfY29va2llX2V4cGlyYXRpb24iOnsiYnVja2V0IjoxMjA5NjAwLCJ2ZXJzaW9uIjpudWxsfSwidGZ3X2hvcml6b25fdHdlZXRfZW1iZWRfOTU1NSI6eyJidWNrZXQiOiJodGUiLCJ2ZXJzaW9uIjpudWxsfSwidGZ3X3NwYWNlX2NhcmQiOnsiYnVja2V0Ijoib2ZmIiwidmVyc2lvbiI6bnVsbH19&frame=false&hideCard=false&hideThread=false&id=1419648624326234119&lang=fr&origin=https%3A%2F%2Fsupmti.ac.ma%2F&sessionId=dd148ef7440544e281e23d1c58c54c67eb3a0958&siteScreenName=ecolesupmti&theme=light&widgetsVersion=9fd78d5%3A1638479056965&width=550px"
"static.xx.fbcdn.net","/rsrc.php/v3/yT/r/s2GsfEzFgLQ.js?_nc_x=Ij3Wp8lg5Kz","https://static.xx.fbcdn.net/rsrc.php/v3/yT/r/s2GsfEzFgLQ.js?_nc_x=Ij3Wp8lg5Kz","Javascript","6965","21447","200","83","87","8836","8840","Facebook","Facebook","Social","https://static.xx.fbcdn.net/rsrc.php/v3/yb/r/48t_-mn1SY7.js?_nc_x=Ij3Wp8lg5Kz"
"static.xx.fbcdn.net","/rsrc.php/v3iZPf4/yA/l/fr_FR/x9ZrO_yAkJs.js?_nc_x=Ij3Wp8lg5Kz","https://static.xx.fbcdn.net/rsrc.php/v3iZPf4/yA/l/fr_FR/x9ZrO_yAkJs.js?_nc_x=Ij3Wp8lg5Kz","Javascript","23007","83899","200","88","439","8841","9192","Facebook","Facebook","Social","https://static.xx.fbcdn.net/rsrc.php/v3/yb/r/48t_-mn1SY7.js?_nc_x=Ij3Wp8lg5Kz"
"static.xx.fbcdn.net","/rsrc.php/v3/y3/r/CWJINsGKrOS.js?_nc_x=Ij3Wp8lg5Kz","https://static.xx.fbcdn.net/rsrc.php/v3/y3/r/CWJINsGKrOS.js?_nc_x=Ij3Wp8lg5Kz","Javascript","5946","18685","200","166","327","8919","9080","Facebook","Facebook","Social","https://static.xx.fbcdn.net/rsrc.php/v3/yb/r/48t_-mn1SY7.js?_nc_x=Ij3Wp8lg5Kz"
"static.xx.fbcdn.net","/rsrc.php/v3/yu/r/ZdQj8kZ10we.js?_nc_x=Ij3Wp8lg5Kz","https://static.xx.fbcdn.net/rsrc.php/v3/yu/r/ZdQj8kZ10we.js?_nc_x=Ij3Wp8lg5Kz","Javascript","75924","358574","200","165","647","8921","9403","Facebook","Facebook","Social","https://static.xx.fbcdn.net/rsrc.php/v3/yb/r/48t_-mn1SY7.js?_nc_x=Ij3Wp8lg5Kz"
"static.xx.fbcdn.net","/rsrc.php/v3/ye/r/VRzSVH5iU-V.js?_nc_x=Ij3Wp8lg5Kz","https://static.xx.fbcdn.net/rsrc.php/v3/ye/r/VRzSVH5iU-V.js?_nc_x=Ij3Wp8lg5Kz","Javascript","2065","7740","200","166","243","8922","8999","Facebook","Facebook","Social","https://static.xx.fbcdn.net/rsrc.php/v3/yb/r/48t_-mn1SY7.js?_nc_x=Ij3Wp8lg5Kz"
"static.xx.fbcdn.net","/rsrc.php/v3iuks4/y3/l/fr_FR/FwhoeemkK99.js?_nc_x=Ij3Wp8lg5Kz","https://static.xx.fbcdn.net/rsrc.php/v3iuks4/y3/l/fr_FR/FwhoeemkK99.js?_nc_x=Ij3Wp8lg5Kz","Javascript","16875","87213","200","166","448","8923","9205","Facebook","Facebook","Social","https://static.xx.fbcdn.net/rsrc.php/v3/yb/r/48t_-mn1SY7.js?_nc_x=Ij3Wp8lg5Kz"
"static.xx.fbcdn.net","/rsrc.php/v3/y9/r/WdmXDXsQAnl.js?_nc_x=Ij3Wp8lg5Kz","https://static.xx.fbcdn.net/rsrc.php/v3/y9/r/WdmXDXsQAnl.js?_nc_x=Ij3Wp8lg5Kz","Javascript","2530","7328","200","166","259","8925","9018","Facebook","Facebook","Social","https://static.xx.fbcdn.net/rsrc.php/v3/yb/r/48t_-mn1SY7.js?_nc_x=Ij3Wp8lg5Kz"
"static.xx.fbcdn.net","/rsrc.php/v3/yt/r/_-bes_NC9gz.js?_nc_x=Ij3Wp8lg5Kz","https://static.xx.fbcdn.net/rsrc.php/v3/yt/r/_-bes_NC9gz.js?_nc_x=Ij3Wp8lg5Kz","Javascript","12856","52587","200","166","398","8925","9157","Facebook","Facebook","Social","https://static.xx.fbcdn.net/rsrc.php/v3/yb/r/48t_-mn1SY7.js?_nc_x=Ij3Wp8lg5Kz"
"static.xx.fbcdn.net","/rsrc.php/v3i3bB4/yi/l/fr_FR/9XeuWwaWrms.js?_nc_x=Ij3Wp8lg5Kz","https://static.xx.fbcdn.net/rsrc.php/v3i3bB4/yi/l/fr_FR/9XeuWwaWrms.js?_nc_x=Ij3Wp8lg5Kz","Javascript","73981","294652","200","169","639","8929","9399","Facebook","Facebook","Social","https://static.xx.fbcdn.net/rsrc.php/v3/yb/r/48t_-mn1SY7.js?_nc_x=Ij3Wp8lg5Kz"
"static.xx.fbcdn.net","/rsrc.php/v3/yB/r/Xc-buPNEADH.js?_nc_x=Ij3Wp8lg5Kz","https://static.xx.fbcdn.net/rsrc.php/v3/yB/r/Xc-buPNEADH.js?_nc_x=Ij3Wp8lg5Kz","Javascript","2339","6764","200","170","243","8930","9003","Facebook","Facebook","Social","https://static.xx.fbcdn.net/rsrc.php/v3/yb/r/48t_-mn1SY7.js?_nc_x=Ij3Wp8lg5Kz"
"static.xx.fbcdn.net","/rsrc.php/v3/yK/r/kEcqEUXFOrM.js?_nc_x=Ij3Wp8lg5Kz","https://static.xx.fbcdn.net/rsrc.php/v3/yK/r/kEcqEUXFOrM.js?_nc_x=Ij3Wp8lg5Kz","Javascript","9975","31347","200","168","381","8934","9147","Facebook","Facebook","Social","https://static.xx.fbcdn.net/rsrc.php/v3/yb/r/48t_-mn1SY7.js?_nc_x=Ij3Wp8lg5Kz"
"static.xx.fbcdn.net","/rsrc.php/v3/yx/l/0,cross/LAXFOqbQf2G.css?_nc_x=Ij3Wp8lg5Kz","https://static.xx.fbcdn.net/rsrc.php/v3/yx/l/0,cross/LAXFOqbQf2G.css?_nc_x=Ij3Wp8lg5Kz","CSS","115737","422285","200","173","664","8939","9430","Facebook","Facebook","Social","https://static.xx.fbcdn.net/rsrc.php/v3/yb/r/48t_-mn1SY7.js?_nc_x=Ij3Wp8lg5Kz"
"static.xx.fbcdn.net","/rsrc.php/v3/yT/l/0,cross/PTzc6JkcZUY.css?_nc_x=Ij3Wp8lg5Kz","https://static.xx.fbcdn.net/rsrc.php/v3/yT/l/0,cross/PTzc6JkcZUY.css?_nc_x=Ij3Wp8lg5Kz","CSS","4211","19879","200","172","269","8939","9036","Facebook","Facebook","Social","https://static.xx.fbcdn.net/rsrc.php/v3/yb/r/48t_-mn1SY7.js?_nc_x=Ij3Wp8lg5Kz"
"static.xx.fbcdn.net","/rsrc.php/v3/y7/l/0,cross/zxxr-Qf5VSR.css?_nc_x=Ij3Wp8lg5Kz","https://static.xx.fbcdn.net/rsrc.php/v3/y7/l/0,cross/zxxr-Qf5VSR.css?_nc_x=Ij3Wp8lg5Kz","CSS","6472","32022","200","173","331","8941","9099","Facebook","Facebook","Social","https://static.xx.fbcdn.net/rsrc.php/v3/yb/r/48t_-mn1SY7.js?_nc_x=Ij3Wp8lg5Kz"
"static.xx.fbcdn.net","/rsrc.php/v3/yv/r/cN-N4Eu_deZ.js?_nc_x=Ij3Wp8lg5Kz","https://static.xx.fbcdn.net/rsrc.php/v3/yv/r/cN-N4Eu_deZ.js?_nc_x=Ij3Wp8lg5Kz","Javascript","2277","7286","200","175","238","8943","9006","Facebook","Facebook","Social","https://static.xx.fbcdn.net/rsrc.php/v3/yb/r/48t_-mn1SY7.js?_nc_x=Ij3Wp8lg5Kz"
"static.xx.fbcdn.net","/rsrc.php/v3/yV/r/ah6R-G74KaH.js?_nc_x=Ij3Wp8lg5Kz","https://static.xx.fbcdn.net/rsrc.php/v3/yV/r/ah6R-G74KaH.js?_nc_x=Ij3Wp8lg5Kz","Javascript","8427","26896","200","175","369","8944","9138","Facebook","Facebook","Social","https://static.xx.fbcdn.net/rsrc.php/v3/yb/r/48t_-mn1SY7.js?_nc_x=Ij3Wp8lg5Kz"
"static.xx.fbcdn.net","/rsrc.php/v3/y6/r/M4851MMO7Mu.js?_nc_x=Ij3Wp8lg5Kz","https://static.xx.fbcdn.net/rsrc.php/v3/y6/r/M4851MMO7Mu.js?_nc_x=Ij3Wp8lg5Kz","Javascript","45979","203945","200","199","567","8968","9336","Facebook","Facebook","Social","https://static.xx.fbcdn.net/rsrc.php/v3/yb/r/48t_-mn1SY7.js?_nc_x=Ij3Wp8lg5Kz"
"static.xx.fbcdn.net","/rsrc.php/v3/yh/r/QXSNv5f76E6.js?_nc_x=Ij3Wp8lg5Kz","https://static.xx.fbcdn.net/rsrc.php/v3/yh/r/QXSNv5f76E6.js?_nc_x=Ij3Wp8lg5Kz","Javascript","14494","56732","200","199","426","8969","9196","Facebook","Facebook","Social","https://static.xx.fbcdn.net/rsrc.php/v3/yb/r/48t_-mn1SY7.js?_nc_x=Ij3Wp8lg5Kz"
"static.xx.fbcdn.net","/rsrc.php/v3iYOY4/yR/l/fr_FR/W0slXJzIPv0.js?_nc_x=Ij3Wp8lg5Kz","https://static.xx.fbcdn.net/rsrc.php/v3iYOY4/yR/l/fr_FR/W0slXJzIPv0.js?_nc_x=Ij3Wp8lg5Kz","Javascript","53190","215961","200","197","588","8969","9360","Facebook","Facebook","Social","https://static.xx.fbcdn.net/rsrc.php/v3/yb/r/48t_-mn1SY7.js?_nc_x=Ij3Wp8lg5Kz"
"static.xx.fbcdn.net","/rsrc.php/v3iek84/yu/l/fr_FR/G29JbIjiy4X.js?_nc_x=Ij3Wp8lg5Kz","https://static.xx.fbcdn.net/rsrc.php/v3iek84/yu/l/fr_FR/G29JbIjiy4X.js?_nc_x=Ij3Wp8lg5Kz","Javascript","53127","183713","200","198","588","8971","9361","Facebook","Facebook","Social","https://static.xx.fbcdn.net/rsrc.php/v3/yb/r/48t_-mn1SY7.js?_nc_x=Ij3Wp8lg5Kz"
"static.xx.fbcdn.net","/rsrc.php/v3/yM/r/w1CjoLuxjKg.js?_nc_x=Ij3Wp8lg5Kz","https://static.xx.fbcdn.net/rsrc.php/v3/yM/r/w1CjoLuxjKg.js?_nc_x=Ij3Wp8lg5Kz","Javascript","1058","2504","200","198","199","8971","8972","Facebook","Facebook","Social","https://static.xx.fbcdn.net/rsrc.php/v3/yb/r/48t_-mn1SY7.js?_nc_x=Ij3Wp8lg5Kz"
"static.xx.fbcdn.net","/rsrc.php/v3/yn/r/ZDxrYBKQSD9.js?_nc_x=Ij3Wp8lg5Kz","https://static.xx.fbcdn.net/rsrc.php/v3/yn/r/ZDxrYBKQSD9.js?_nc_x=Ij3Wp8lg5Kz","Javascript","18849","71082","200","198","442","8971","9215","Facebook","Facebook","Social","https://static.xx.fbcdn.net/rsrc.php/v3/yb/r/48t_-mn1SY7.js?_nc_x=Ij3Wp8lg5Kz"
"static.xx.fbcdn.net","/rsrc.php/v3/yO/r/NOzP0uIXOqi.js?_nc_x=Ij3Wp8lg5Kz","https://static.xx.fbcdn.net/rsrc.php/v3/yO/r/NOzP0uIXOqi.js?_nc_x=Ij3Wp8lg5Kz","Javascript","2563","7514","200","199","254","8973","9028","Facebook","Facebook","Social","https://static.xx.fbcdn.net/rsrc.php/v3/yb/r/48t_-mn1SY7.js?_nc_x=Ij3Wp8lg5Kz"
"static.xx.fbcdn.net","/rsrc.php/v3/yi/r/ieUAqp7lqlN.js?_nc_x=Ij3Wp8lg5Kz","https://static.xx.fbcdn.net/rsrc.php/v3/yi/r/ieUAqp7lqlN.js?_nc_x=Ij3Wp8lg5Kz","Javascript","836","2920","200","199","200","8973","8974","Facebook","Facebook","Social","https://static.xx.fbcdn.net/rsrc.php/v3/yb/r/48t_-mn1SY7.js?_nc_x=Ij3Wp8lg5Kz"
"static.xx.fbcdn.net","/rsrc.php/v3/yB/r/ETD5CBuiaIE.js?_nc_x=Ij3Wp8lg5Kz","https://static.xx.fbcdn.net/rsrc.php/v3/yB/r/ETD5CBuiaIE.js?_nc_x=Ij3Wp8lg5Kz","Javascript","30742","117500","200","200","540","8974","9314","Facebook","Facebook","Social","https://static.xx.fbcdn.net/rsrc.php/v3/yb/r/48t_-mn1SY7.js?_nc_x=Ij3Wp8lg5Kz"
"static.xx.fbcdn.net","/rsrc.php/v3io-a4/yS/l/fr_FR/adkjEBzu5_0.js?_nc_x=Ij3Wp8lg5Kz","https://static.xx.fbcdn.net/rsrc.php/v3io-a4/yS/l/fr_FR/adkjEBzu5_0.js?_nc_x=Ij3Wp8lg5Kz","Javascript","16511","57024","200","200","427","8974","9201","Facebook","Facebook","Social","https://static.xx.fbcdn.net/rsrc.php/v3/yb/r/48t_-mn1SY7.js?_nc_x=Ij3Wp8lg5Kz"
"platform.twitter.com","/embed/embed.vendors~ondemand.horizon-web.fr-js.2fdc154d5fda180fc65a.js","https://platform.twitter.com/embed/embed.vendors~ondemand.horizon-web.fr-js.2fdc154d5fda180fc65a.js","Javascript","9967","31772","200","77","85","8940","8948","Twitter","Twitter","Social","https://platform.twitter.com/embed/embed.runtime.54a58eb5540918258367.js"
"platform.twitter.com","/embed/embed.ondemand.i18n.fr-js.d62688df860ee06af9d5.js","https://platform.twitter.com/embed/embed.ondemand.i18n.fr-js.d62688df860ee06af9d5.js","Javascript","1774","4254","200","76","96","8948","8968","Twitter","Twitter","Social","https://platform.twitter.com/embed/embed.runtime.54a58eb5540918258367.js"
"platform.twitter.com","/embed/embed.vendors~ondemand.TimelineList~ondemand.TimelineProfile~ondemand.Tweet.29715ca2e27538cc4c88.js","https://platform.twitter.com/embed/embed.vendors~ondemand.TimelineList~ondemand.TimelineProfile~ondemand.Tweet.29715ca2e27538cc4c88.js","Javascript","96013","392096","200","125","225","9432","9532","Twitter","Twitter","Social","https://platform.twitter.com/embed/embed.runtime.54a58eb5540918258367.js"
"platform.twitter.com","/embed/embed.vendors~ondemand.Tweet.215918e9c83880e27bc2.js","https://platform.twitter.com/embed/embed.vendors~ondemand.Tweet.215918e9c83880e27bc2.js","Javascript","5857","17231","200","157","160","9470","9473","Twitter","Twitter","Social","https://platform.twitter.com/embed/embed.runtime.54a58eb5540918258367.js"
"platform.twitter.com","/embed/embed.ondemand.Tweet.6e96324b79625228cf29.js","https://platform.twitter.com/embed/embed.ondemand.Tweet.6e96324b79625228cf29.js","Javascript","15650","66157","200","155","165","9475","9485","Twitter","Twitter","Social","https://platform.twitter.com/embed/embed.runtime.54a58eb5540918258367.js"
"scontent.xx.fbcdn.net","/v/t1.6435-1/cp0/p80x80/192210031_3918971018150792_2252264022531471245_n.jpg?_nc_cat=107&ccb=1-5&_nc_sid=dbb9e7&_nc_ohc=m76h97oFkoYAX96iTvf&_nc_ht=scontent.xx&edm=AB2cVo4EAAAA&oh=00_AT-Vufy_gnGwe4r4GSS1WsbOVfv8T5lX37OGniExlBJh9Q&oe=61E7F242","https://scontent.xx.fbcdn.net/v/t1.6435-1/cp0/p80x80/192210031_3918971018150792_2252264022531471245_n.jpg?_nc_cat=107&ccb=1-5&_nc_sid=dbb9e7&_nc_ohc=m76h97oFkoYAX96iTvf&_nc_ht=scontent.xx&edm=AB2cVo4EAAAA&oh=00_AT-Vufy_gnGwe4r4GSS1WsbOVfv8T5lX37OGniExlBJh9Q&oe=61E7F242","Image","2217","2217","200","80","82","9730","9732","Facebook","Facebook","Social","https://www.facebook.com/welcome"
"www.facebook.com","/v6.0/plugins/customer_chat/bubble","https://www.facebook.com/v6.0/plugins/customer_chat/bubble","HTML","9000","22242","200","126","137","9992","10003","Facebook","Facebook","Social","https://connect.facebook.net/fr_FR/sdk/xfbml.customerchat.js"
"www.facebook.com","/v6.0/plugins/customer_chat/bubble","https://www.facebook.com/v6.0/plugins/customer_chat/bubble","HTML","9009","22246","200","145","146","10142","10143","Facebook","Facebook","Social","https://connect.facebook.net/fr_FR/sdk/xfbml.customerchat.js"
"www.facebook.com","/plugins/customer_chat/SDK/?app_id=&attribution=wordpress&attribution_version=1.8&channel=https%3A%2F%2Fstaticxx.facebook.com%2Fx%2Fconnect%2Fxd_arbiter%2F%3Fversion%3D46%23cb%3Df210f0d0c16e7b8%26domain%3Dsupmti.ac.ma%26is_canvas%3Dfalse%26origin%3Dhttps%253A%252F%252Fsupmti.ac.ma%252Ff3f36544ac56b0c%26relation%3Dparent.parent&container_width=0&current_url=https%3A%2F%2Fsupmti.ac.ma%2F&event_name=chat_plugin_sdk_dialog_iframe_load&loading_time=2579&locale=fr_FR&log_id=48b9ecd8-e13d-467d-bfcc-85dddb8f1721&page_id=166427796738485&request_time=1640220766445&sdk=joey&suppress_http_code=1","https://www.facebook.com/plugins/customer_chat/SDK/?app_id=&attribution=wordpress&attribution_version=1.8&channel=https%3A%2F%2Fstaticxx.facebook.com%2Fx%2Fconnect%2Fxd_arbiter%2F%3Fversion%3D46%23cb%3Df210f0d0c16e7b8%26domain%3Dsupmti.ac.ma%26is_canvas%3Dfalse%26origin%3Dhttps%253A%252F%252Fsupmti.ac.ma%252Ff3f36544ac56b0c%26relation%3Dparent.parent&container_width=0&current_url=https%3A%2F%2Fsupmti.ac.ma%2F&event_name=chat_plugin_sdk_dialog_iframe_load&loading_time=2579&locale=fr_FR&log_id=48b9ecd8-e13d-467d-bfcc-85dddb8f1721&page_id=166427796738485&request_time=1640220766445&sdk=joey&suppress_http_code=1","HTML","0","0","200","131","131","10141","10141","Facebook","Facebook","Social","https://connect.facebook.net/fr_FR/sdk/xfbml.customerchat.js"
"static.xx.fbcdn.net","/rsrc.php/v3iEpO4/yV/l/en_US/lBbx1VbWyUs.js?_nc_x=Ij3Wp8lg5Kz","https://static.xx.fbcdn.net/rsrc.php/v3iEpO4/yV/l/en_US/lBbx1VbWyUs.js?_nc_x=Ij3Wp8lg5Kz","Javascript","138522","530830","200","150","265","10247","10362","Facebook","Facebook","Social","https://www.facebook.com/v6.0/plugins/customer_chat/bubble"
"cdn.syndication.twimg.com","/tweet?features=tfw_experiments_cookie_expiration%3A1209600%3Btfw_horizon_tweet_embed_9555%3Ahte%3Btfw_space_card%3Aoff&id=1419648624326234119&lang=fr","https://cdn.syndication.twimg.com/tweet?features=tfw_experiments_cookie_expiration%3A1209600%3Btfw_horizon_tweet_embed_9555%3Ahte%3Btfw_space_card%3Aoff&id=1419648624326234119&lang=fr","JSON","827","2612","200","75","76","10472","10473","Twitter","Twitter","Social","https://platform.twitter.com/embed/embed.modules.66e311263622456867b1.js"
"www.facebook.com","/common/cavalry_endpoint.php?t_cstart=1640220766527&t_start=1640220766528&t_domcontent=1640220766729&t_layout=1640220766905&t_onload=1640220766905&t_paint=1640220766905&t_creport=1640220766905&t_tti=1640220766729&lid=7044694550192805903-0","https://www.facebook.com/common/cavalry_endpoint.php?t_cstart=1640220766527&t_start=1640220766528&t_domcontent=1640220766729&t_layout=1640220766905&t_onload=1640220766905&t_paint=1640220766905&t_creport=1640220766905&t_tti=1640220766729&lid=7044694550192805903-0","Image","70","67","200","109","110","10590","10591","Facebook","Facebook","Social","https://supmti.ac.ma/"
"www.facebook.com","/plugins/customer_chat/SDK/?app_id=&attribution=wordpress&attribution_version=1.8&channel=https%3A%2F%2Fstaticxx.facebook.com%2Fx%2Fconnect%2Fxd_arbiter%2F%3Fversion%3D46%23cb%3Df210f0d0c16e7b8%26domain%3Dsupmti.ac.ma%26is_canvas%3Dfalse%26origin%3Dhttps%253A%252F%252Fsupmti.ac.ma%252Ff3f36544ac56b0c%26relation%3Dparent.parent&container_width=0&current_url=https%3A%2F%2Fsupmti.ac.ma%2F&event_name=chat_plugin_sdk_icon_iframe_load&loading_time=473&locale=fr_FR&log_id=48b9ecd8-e13d-467d-bfcc-85dddb8f1721&page_id=166427796738485&request_time=1640220766918&sdk=joey&suppress_http_code=1","https://www.facebook.com/plugins/customer_chat/SDK/?app_id=&attribution=wordpress&attribution_version=1.8&channel=https%3A%2F%2Fstaticxx.facebook.com%2Fx%2Fconnect%2Fxd_arbiter%2F%3Fversion%3D46%23cb%3Df210f0d0c16e7b8%26domain%3Dsupmti.ac.ma%26is_canvas%3Dfalse%26origin%3Dhttps%253A%252F%252Fsupmti.ac.ma%252Ff3f36544ac56b0c%26relation%3Dparent.parent&container_width=0&current_url=https%3A%2F%2Fsupmti.ac.ma%2F&event_name=chat_plugin_sdk_icon_iframe_load&loading_time=473&locale=fr_FR&log_id=48b9ecd8-e13d-467d-bfcc-85dddb8f1721&page_id=166427796738485&request_time=1640220766918&sdk=joey&suppress_http_code=1","HTML","0","0","200","111","111","10595","10595","Facebook","Facebook","Social","https://connect.facebook.net/fr_FR/sdk/xfbml.customerchat.js"
"syndication.twitter.com","/i/jot?l=%7B%22_category_%22%3A%22tfw_client_event%22%2C%22triggered_on%22%3A1640220767125%2C%22event_namespace%22%3A%7B%22client%22%3A%22tfw%22%2C%22page%22%3A%22tweet%22%2C%22action%22%3A%22results%22%2C%22section%22%3A%22main%22%7D%2C%22context%22%3A%22horizon%22%2C%22client_version%22%3A%229fd78d5%3A1638479056965%22%2C%22dnt%22%3Afalse%2C%22widget_id%22%3A%22twitter-widget-0%22%2C%22widget_origin%22%3A%22https%3A%2F%2Fsupmti.ac.ma%2F%22%2C%22widget_frame%22%3A%22false%22%2C%22widget_partner%22%3A%22%22%2C%22widget_site_screen_name%22%3A%22ecolesupmti%22%2C%22widget_site_user_id%22%3A%22%22%2C%22widget_creator_screen_name%22%3A%22ecolesupmti%22%2C%22widget_creator_user_id%22%3A%22%22%2C%22widget_iframe_version%22%3A%22860263f%3A1639072779848%22%2C%22item_ids%22%3A%5B%221419648624326234119%22%5D%2C%22item_details%22%3A%7B%221419648624326234119%22%3A%7B%22item_type%22%3A0%7D%7D%7D","https://syndication.twitter.com/i/jot?l=%7B%22_category_%22%3A%22tfw_client_event%22%2C%22triggered_on%22%3A1640220767125%2C%22event_namespace%22%3A%7B%22client%22%3A%22tfw%22%2C%22page%22%3A%22tweet%22%2C%22action%22%3A%22results%22%2C%22section%22%3A%22main%22%7D%2C%22context%22%3A%22horizon%22%2C%22client_version%22%3A%229fd78d5%3A1638479056965%22%2C%22dnt%22%3Afalse%2C%22widget_id%22%3A%22twitter-widget-0%22%2C%22widget_origin%22%3A%22https%3A%2F%2Fsupmti.ac.ma%2F%22%2C%22widget_frame%22%3A%22false%22%2C%22widget_partner%22%3A%22%22%2C%22widget_site_screen_name%22%3A%22ecolesupmti%22%2C%22widget_site_user_id%22%3A%22%22%2C%22widget_creator_screen_name%22%3A%22ecolesupmti%22%2C%22widget_creator_user_id%22%3A%22%22%2C%22widget_iframe_version%22%3A%22860263f%3A1639072779848%22%2C%22item_ids%22%3A%5B%221419648624326234119%22%5D%2C%22item_details%22%3A%7B%221419648624326234119%22%3A%7B%22item_type%22%3A0%7D%7D%7D","Image","65","43","200","191","192","10881","10882","Twitter","Twitter","Social","https://supmti.ac.ma/"
"www.facebook.com","/common/cavalry_endpoint.php?t_cstart=1640220766765&t_start=1640220766766&t_domcontent=1640220766842&t_layout=1640220767137&t_onload=1640220767137&t_paint=1640220767137&t_creport=1640220767137&t_tti=1640220766842&lid=7044694548906184232-0","https://www.facebook.com/common/cavalry_endpoint.php?t_cstart=1640220766765&t_start=1640220766766&t_domcontent=1640220766842&t_layout=1640220767137&t_onload=1640220767137&t_paint=1640220767137&t_creport=1640220767137&t_tti=1640220766842&lid=7044694548906184232-0","Image","70","67","200","109","110","10812","10813","Facebook","Facebook","Social","https://supmti.ac.ma/"
"supmti.ac.ma","/wp-content/uploads/2017/04/favicon.png","https://supmti.ac.ma/wp-content/uploads/2017/04/favicon.png","Image","408","408","200","77","78","10839","10840","supmti.ac.ma","Unknown","supmti.ac.ma","https://supmti.ac.ma/"
"www.facebook.com","/plugins/chat/tab_impression_logging/?page_id=166427796738485&request_id=bb45a828-0354-4170-83d9-53be4bf61420&plugin_interface=desktop&user_is_logged_in=false&tab_name=plugin_icon&loading_time=288&client_loading_time=3340&debug_data=%7B%22fromTime%22%3A1640220766918%2C%22now%22%3A1640220767206.1%2C%22loadingTime%22%3A288%2C%22clientLoadingTime%22%3A3340%2C%22hasStorageAccess%22%3Atrue%2C%22screenSize%22%3A%7B%22width%22%3A1920%2C%22height%22%3A1200%2C%22size%22%3A%221920x1200%22%7D%7D&event_timestamp=1640220767207&log_id=48b9ecd8-e13d-467d-bfcc-85dddb8f1721","https://www.facebook.com/plugins/chat/tab_impression_logging/?page_id=166427796738485&request_id=bb45a828-0354-4170-83d9-53be4bf61420&plugin_interface=desktop&user_is_logged_in=false&tab_name=plugin_icon&loading_time=288&client_loading_time=3340&debug_data=%7B%22fromTime%22%3A1640220766918%2C%22now%22%3A1640220767206.1%2C%22loadingTime%22%3A288%2C%22clientLoadingTime%22%3A3340%2C%22hasStorageAccess%22%3Atrue%2C%22screenSize%22%3A%7B%22width%22%3A1920%2C%22height%22%3A1200%2C%22size%22%3A%221920x1200%22%7D%7D&event_timestamp=1640220767207&log_id=48b9ecd8-e13d-467d-bfcc-85dddb8f1721","Javascript","98","113","200","110","111","10886","10887","Facebook","Facebook","Social","https://static.xx.fbcdn.net/rsrc.php/v3iZPf4/yA/l/fr_FR/x9ZrO_yAkJs.js?_nc_x=Ij3Wp8lg5Kz"
